【1.2.1】顾客评价情感识别业务模块效果优化<br><br>📋 工作任务：<br>在某电商平台的顾客评价情感识别中，用户反映的主要问题包括：情感识别准确性不高，导致分析结果偏差；响应速度慢，用户需长时间等待识别结果；用户界面不友好，操作复杂；缺乏定制化服务，无法满足特定需求。这些问题影响了用户的购物体验和满意度，需进行优化。<br>（1）请列举顾客评价情感识别业务模块中用户反映最强烈的两个问题，并解释这两个问题为什么会让用户感到不满，影响他们的使用体验。将上述答案写在1.2.1.docx答题卷上，题号为“1.2.1-1”。（2）请设计一个优化顾客评价情感识别业务模块的方案，包括关键的实施步骤和你期望的优化效果。要求方案具体、可行，能够有效提升用户体验和服务质量。将上述答案写在1.2.1.docx答题卷上，题号为“1.2.1-2”。<br><br>💡 提示：请将答案写在对应题号的答题卷上;【标准答案】<br><br><b>1.2.1-1 用户反映最强烈的两个问题：</b><br><br><b>问题一：情感识别准确性不高</b><br>• 解释：如果情感识别的准确性不高，那么分析出来的结果可能与实际情况不符。例如，正面的评价被错误地标记为负面，或者反之亦然。这种情况不仅会导致商家对产品或服务质量的认知出现偏差，还会影响他们根据反馈做出正确决策的能力。<br>• 影响使用体验：准确性低会削弱用户对系统的信任度，使他们怀疑系统提供的任何分析报告的真实性和价值，从而减少其使用的意愿。<br><br><b>问题二：响应速度慢</b><br>• 解释：当处理大量数据时，如果系统响应时间过长，用户体验将大打折扣。长时间的等待会让用户感到沮丧，并可能导致他们在获取所需信息之前就放弃使用该服务。<br>• 影响使用体验：响应速度慢直接影响到工作效率和满意度，尤其是在需要快速获取关键信息以支持即时决策的情况下。这可能会导致用户转向其他更快捷的服务平台。<br><br><b>1.2.1-2 优化方案：</b><br><br><b>实施步骤：</b><br>1. 提升模型准确性<br>   • 数据清洗与增强：对现有数据进行彻底清洗，去除噪音数据，并通过数据增强技术（如生成对抗网络GANs）扩大训练集规模。<br>   • 采用更先进的算法：引入预训练的语言模型（如BERT），利用迁移学习来改进情感分类器的表现。<br>2. 加速系统处理速度<br>   • 硬件升级：确保服务器配置足够强大，能够支持高效的数据处理需求。<br>   • 分布式计算：采用分布式计算框架（如Apache Spark）处理大规模数据集，减少单节点负载，提高整体效率。<br>3. 改善用户界面<br>   • 简化操作流程：重新设计用户界面，使其更加直观易用，减少不必要的点击和输入步骤。<br>   • 可视化展示：提供图表、仪表盘等可视化工具，帮助用户快速理解分析结果。<br>4. 添加定制化服务<br>   • 自定义规则设置：允许用户根据自身需求设定特定的情感分类规则。<br>   • 个性化报告生成：依据用户的偏好自动生成个性化的分析报告。<br><br><b>期望的优化效果：</b><br>• 准确性提高：经过优化后，情感识别的准确率显著提升，减少了误判情况的发生。<br>• 响应速度加快：系统能够在较短时间内返回分析结果，满足用户即时查询的需求。<br>• 用户体验改善：友好的用户界面和便捷的操作流程提升了用户的满意度；定制化服务增强了系统的灵活性和适用性，更好地满足了不同用户群体的需求。
【1.2.2】老年人健康监测与管理服务业务模块效果优化<br><br>📋 工作任务：<br>某智慧养老平台的心率监测模块目前存在数据准确性不高、异常预警响应慢等问题，影响了老年人健康监测的体验和服务质量。作为人工智能训练师，你需要结合业务知识和人工智能技术，对该模块进行优化设计与实现。（1）列出心率监测模块当前存在的具体问题，如数据准确性、异常预警响应等；简述这些问题对老年人健康监测的影响；指出导致这些问题的主要技术或流程原因。将上述答案写在1.2.2.docx答题卷上，题号为“1.2.2-1”。（2）简述针对心率监测模块问题的优化方案，可涉及技术、流程等方面；列出优化方案的关键实施步骤，如数据采集、预处理、模型训练等；概述如何协调团队资源以确保优化方案的实现，并简述预期效果。将上述答案写在1.2.2.docx答题卷上，题号为“1.2.2-2”。<br><br>💡 提示：请将答案写在对应题号的答题卷上;【标准答案】<br><br><b>1.2.2-1 心率监测模块存在的问题：</b><br><br><b>问题一：数据准确性不高</b><br>• 影响：不准确的心率数据可能导致误诊，使得老年人或其监护人无法及时了解真实的健康状况，从而延误必要的医疗干预。对于有心脏病等慢性疾病的老年人来说，这可能带来严重的健康风险。<br>• 技术原因：传感器的精度不足、环境因素（如运动干扰）未被有效过滤、缺乏针对老年人生理特征的数据校正算法等。<br><br><b>问题二：异常预警响应慢</b><br>• 影响：当心率出现异常时，如果系统不能迅速发出警报，可能会错过最佳的急救时机，特别是在紧急情况下，这对老年人的生命安全构成威胁。<br>• 流程原因：现有的异常检测和预警机制可能存在滞后性，比如算法不够高效，或是没有建立实时监控和快速反应机制。<br><br><b>1.2.2-2 优化方案：</b><br><br><b>1. 提高数据采集精确度，硬件改进</b><br>• 升级现有设备，采用更高精度的心率传感器，确保采集到的数据更加稳定可靠。<br>• 数据采集：确保连续且高频率地采集心率数据，并通过加密传输保证数据安全。<br><br><b>2. 提高预警响应速度，软件算法优化</b><br>• 数据预处理：应用滤波器去除噪声，利用机器学习模型识别并排除异常值。<br>• 模型训练：基于大量标注好的老年人心率数据集，训练深度学习模型以更精准地预测和分类心率状态。<br>• 实时分析与预警：开发高效的实时数据分析引擎，一旦检测到异常心率模式，立即触发多渠道的通知系统（如短信、电话、APP推送）给指定联系人。<br><br><b>3. 团队协调</b><br>• 研发团队负责新算法的研发和技术难题的攻克；<br>• 测试团队进行严格的质量控制，确保更新后的系统稳定可靠；<br>• 运营团队负责推广新的功能和服务，收集用户反馈，持续改进产品；<br>• 客服团队为用户提供技术支持和咨询服务，增强用户粘性。<br><br><b>预期效果：</b><br>• 提升心率监测数据的准确性至99%以上，减少误报和漏报现象；<br>• 实现异常心率事件的即时预警，将响应时间缩短到秒级；<br>• 提高老年人健康管理的体验和质量。
【1.2.3】智慧金融服务业务模块效果优化<br><br>📋 工作任务：<br>某智慧金融服务平台在数据处理和异常预警方面目前存在明显短板，具体表现为数据准确性不高、异常预警响应慢等，这些问题直接削弱了用户金融健康监测的体验和服务质量。作为人工智能训练师，你的任务是融合金融业务知识与人工智能技术，对该平台的相关模块进行优化设计与实现。（1）请列举智慧金融服务业务模块中用户反映最强烈的几个问题，并解释这些问题为什么会让用户感到不满，影响他们的使用体验。将上述答案写在1.2.3.docx答题卷上，题号为“1.2.3-1”。（2）假设你要优化智慧金融服务业务模块，以提升用户体验和服务质量。请设计一个优化方案，列出关键的实施步骤，并描述你期望的优化效果。将上述答案写在1.2.3.docx答题卷上，题号为“1.2.3-2”。<br><br>💡 提示：请将答案写在对应题号的答题卷上;【标准答案】<br><br><b>1.2.3-1 用户反映最强烈的问题：</b><br><br><b>问题一：数据准确性不高</b><br>• 原因：金融数据的准确性对用户的财务规划和决策至关重要。不准确的数据可能导致用户做出错误的投资或消费决策，甚至可能违反金融法规或政策。这不仅影响了用户的信任感，还可能给用户带来经济损失。<br>• 影响使用体验：用户在使用平台时如果发现提供的数据不可靠，他们将不再依赖该平台进行重要的财务活动，从而降低用户粘性和满意度。<br><br><b>问题二：异常预警响应慢</b><br>• 原因：在金融市场中，时间就是金钱。任何延迟的预警都可能导致用户错过最佳交易时机或者无法及时采取措施避免风险。对于需要快速反应的情况（如市场波动、账户异常），这种延迟可能是灾难性的。<br>• 影响使用体验：缓慢的响应速度会让用户感到平台的服务效率低下，进而质疑其专业性和可靠性，导致用户流失。<br><br><b>问题三：用户界面复杂</b><br>• 原因：复杂的用户界面增加了用户的学习成本和操作难度，特别是对于那些不太熟悉技术的老年用户或非专业人士来说。这使得金融服务变得难以接近，阻碍了新用户的加入。<br>• 影响使用体验：一个难用的界面会增加用户的挫败感，减少用户的活跃度，并可能促使用户转向其他更易用的竞争平台。<br><br><b>1.2.3-2 优化方案：</b><br><br><b>实施步骤：</b><br>1. 提高数据的准确性<br>   • 优化AI智能算法，如深度强化学习等多种算法，提高数据采集的准确性。<br>   • 数据预处理，进行数据清洗。<br>2. 提高实时监控与预警系统升级<br>   • 开发或集成高效的实时数据流处理框架，支持毫秒级的事件检测和响应。<br>   • 应用智能算法，比如异常检测模型，自动识别潜在的风险因素，并即时发出警报。<br>   • 强化模型的训练。<br>3. 用户界面和用户体验优化<br>   • 简化UI设计，采用直观的操作流程和图形化展示方式，使金融服务更加易懂易用。<br>4. 个性化服务开发<br>   • 开放API接口，允许第三方开发者创建个性化的应用和服务，丰富平台的功能生态。<br><br><b>预期效果：</b><br>• 数据准确性显著提高，误报率降至最低，增强了用户对平台的信任。<br>• 异常预警的响应速度大幅提升，用户可以迅速获取关键信息，减少了潜在的经济损失。<br>• 用户界面变得更加友好，简化了操作流程，提高了用户的满意度和活跃度。
【1.2.4】智能卖点生成系统业务模块效果优化<br><br>📋 工作任务：<br>针对智能卖点生成系统，目前用户反馈中存在卖点生成不准确、缺乏个性化定制等一些显著的问题，这些问题直接影响了用户的使用体验和系统的服务质量。作为人工智能训练师，任务是结合人工智能技术和业务知识，对该系统的相关模块进行优化设计与实现。（1）请列举智能卖点生成系统业务模块中用户反映最强烈的几个问题，并解释这些问题为什么会让用户感到不满，影响他们的使用体验。将上述答案写在1.2.4.docx答题卷上，题号为“1.2.4-1”。（2）假设你要优化智能卖点生成系统业务模块，以提升用户体验和服务质量。请设计一个优化方案，列出关键的实施步骤，并描述你期望的优化效果。将上述答案写在1.2.4.docx答题卷上，题号为“1.2.4-2”。<br><br>💡 提示：请将答案写在对应题号的答题卷上;【标准答案】<br><br><b>1.2.4-1 用户反映最强烈的问题：</b><br><br><b>问题一：卖点生成不准确</b><br>• 原因：当系统生成的卖点与产品或服务的实际特点不符时，会导致营销信息误导消费者，进而影响品牌形象和销售转化率。<br>• 影响使用体验：用户可能会对系统的可靠性产生怀疑，降低他们对平台的信任度，并可能转向其他更可靠的解决方案。<br><br><b>问题二：缺乏个性化定制</b><br>• 原因：每个品牌、产品或服务都有其独特之处，但当前的智能卖点生成系统未能充分考虑这些个性化的因素，提供的内容千篇一律，无法有效吸引目标受众。这使得企业在竞争激烈的市场中难以脱颖而出。<br>• 影响使用体验：用户会觉得系统提供的卖点不够贴合实际需求，降低了使用的意愿，因为他们需要花费额外的时间和精力进行调整以适应自身的需求。<br><br><b>问题三：响应速度慢</b><br>• 原因：在快节奏的商业环境中，时间就是金钱。如果智能卖点生成系统响应缓慢，企业可能错失最佳的市场推广时机，尤其是在快速变化的社交媒体平台上。<br>• 影响使用体验：缓慢的响应速度会影响工作效率，增加用户的等待时间和挫败感，最终可能导致用户放弃使用该系统。<br><br><b>1.2.4-2 优化方案：</b><br><br><b>1. 数据质量和特征工程改进</b><br>• 应用深度学习算法进行文本理解和语义分析，从海量数据中挖掘出更有价值的产品或服务特性。<br>• 强化特征工程，提取更多维度的信息作为模型输入，如情感倾向、流行趋势、竞品对比等，使生成的卖点更加精准。<br><br><b>2. 提供个性化推荐机制</b><br>• 构建用户画像，基于历史行为、购买记录、浏览习惯等因素，为每个用户提供个性化的卖点建议。<br><br><b>3. 加速响应性能优化</b><br>• 部署高性能计算资源，如GPU集群，用于加快模型推理过程。<br>• 采用异步处理架构，允许系统在后台进行卖点生成的同时不影响前台用户体验。<br><br><b>预期效果：</b><br>• 卖点生成的准确性显著提高，减少了人工干预的需求，提升了营销效率。<br>• 提供了高度个性化的内容，增强了品牌的差异化竞争力，提高了用户满意度。<br>• 系统响应速度大幅提升，支持实时生成卖点，帮助企业抓住每一个市场机会。
【1.2.5】腾讯云智能数智人系统业务模块效果优化<br><br>📋 工作任务：<br>针对腾讯云智能数智人系统，目前用户反馈中存在一些显著的问题，如数智人响应不准确、缺乏个性化交互能力等，这些问题直接影响了用户的使用体验和系统的服务质量。作为人工智能训练师，任务是结合人工智能技术和业务知识，对该系统的相关模块进行优化设计与实现。（1）请列举腾讯云智能数智人系统业务模块中用户反映最强烈的几个问题，并解释这些问题为什么会让用户感到不满，影响他们的使用体验。将上述答案写在1.2.5.docx答题卷上，题号为“1.2.5-1”。（2）设你要优化腾讯云智能数智人系统业务模块，以提升用户体验和服务质量。请设计一个优化方案，列出关键的实施步骤，并描述你期望的优化效果。将上述答案写在1.2.5.docx答题卷上，题号为“1.2.5-2”。<br><br>💡 提示：请将答案写在对应题号的答题卷上;"【标准答案】<br><br><b>1.2.5-1 用户反映最强烈的问题：</b><br><br><b>问题一：数智人响应不准确</b><br>• 原因：当智能数智人未能正确理解或回答用户的问题时，这不仅影响了用户体验，还可能导致用户对系统失去信心。<br>• 影响使用体验：用户可能会觉得与数智人的互动浪费时间且没有帮助，从而转向其他更可靠的服务渠道。<br><br><b>问题二：缺乏个性化交互能力</b><br>• 原因：每个用户的背景和需求都是独特的，但当前的数智人系统未能提供个性化的服务体验。例如，不能记住用户的偏好或历史对话记录，无法根据用户的特定情况调整回应方式。这使得用户感觉不到被重视，降低了他们对系统的依赖度。<br>• 影响使用体验：用户会觉得数智人不够""聪明""，不能真正理解他们的需求，进而影响了用户的忠诚度和参与度。<br><br><b>问题三：响应速度慢</b><br>• 原因：在快节奏的生活环境中，用户期望得到即时反馈。如果数智人的响应速度过慢，会使用户感到等待的时间过长，特别是在紧急情况下，这可能会让用户感到焦虑和不满。<br>• 影响使用体验：缓慢的响应速度会影响整个交互过程的流畅性，增加用户的挫败感，导致他们放弃使用数智人服务。<br><br><b>1.2.5-2 优化方案：</b><br><br><b>1. 提升自然语言处理（NLP）技术</b><br>• 引入先进的预训练模型，如BERT、ERNIE等，增强数智人对复杂语境的理解能力。<br>• 定期更新和扩充训练数据集，特别是针对行业特定术语和用户常见问题的数据，提高回答的准确性和覆盖面。<br><br><b>2. 强化个性化交互功能</b><br>• 构建用户画像系统，收集和分析用户的交互行为、偏好设置等信息，为每位用户提供定制化的服务体验。<br>• 实现记忆功能，让数智人可以记住之前与用户的对话内容，以便后续提供连贯的服务。<br><br><b>3. 优化系统性能</b><br>• 部署高性能计算资源，如GPU集群，用于加速模型推理过程。<br>• 采用异步处理架构，允许后台任务并发执行，减少用户等待时间。<br><br><b>预期效果：</b><br>• 数智人响应的准确性显著提高，减少了人工干预的需求，提升了用户满意度。<br>• 提供了高度个性化的交互体验，增强了用户的归属感和粘性，提高了平台的竞争力。<br>• 系统响应速度大幅提升，支持实时交互，为企业提供了更高效的服务工具。"
【4.1.1】Label studio 培训大纲编写<br><br>📋 工作任务：<br>A企业是一家康复训练机构，需要利用人工智能技术为康复患者提供个性化的康复训练计划，并实时监控训练效果。为了提高人工智能技术的应用效果，现计划对新进技术人员进行数据标注的培训。这次培训，将会使新进技术人员掌握Label studio标注工具的使用，能对文本、图像、视频、音频进行标注，达到人工智能训练师五级/初级工的技能水平。请你根据要求补全素材4.1.1.docx中的培训大纲。<br><br>💡 提示：请将答案写在对应题号的答题卷上;【标准答案】<br><br><b>Label studio 培训大纲：</b><br><br><b>数据标注基础理论</b><br>学习目标：理解数据标注的概念、目的及其在AI训练中的重要性，并了解常见的数据标注类型。<br>内容：<br>• 什么是数据标注？<br>• 数据标注的目的和优势。<br>• 常见的数据标注类型：文本标注、图像标注、视频标注、音频标注。<br><br><b>Label studio简介与安装</b><br>学习目标：了解Label studio的基本功能及其应用场景，并掌握其安装和配置方法。<br>内容：<br>• Label studio简介及其应用场景。<br>• 安装与配置Label studio。<br>• Label studio基本界面与常用组件。<br><br><b>文本数据标注</b><br>学习目标：学会使用Label studio进行文本数据标注。<br>内容：<br>• 创建文本标注项目。<br>• 文本分类、命名实体识别、情感分析等标注任务。<br>• 实践操作：使用Label studio标注康复训练相关的文本数据。<br><br><b>图像数据标注</b><br>学习目标：掌握使用Label studio进行图像数据标注的方法。<br>内容：<br>• 创建图像标注项目。<br>• 图像分类、目标检测、语义分割等标注任务。<br>• 实践操作：使用Label studio标注康复训练相关的图像数据。<br><br><b>视频和音频数据标注</b><br>学习目标：掌握使用Label studio进行视频和音频数据标注的方法。<br>内容：<br>• 创建视频和音频标注项目。<br>• 视频目标跟踪、音频分类等标注任务。<br>• 实践操作：使用Label studio标注康复训练相关的视频和音频数据。<br><br><b>数据标注项目实战</b><br>学习目标：综合运用所学知识进行数据标注项目。<br>内容：<br>• 项目介绍：标注一个康复训练数据集。<br>• 数据采集：导入多种格式的数据。<br>• 数据标注：使用Label studio进行文本、图像、视频、音频标注。<br>• 项目评审：展示标注成果，讲解实现思路和遇到的问题。<br><br><b>总结与答疑</b><br>学习目标：巩固所学内容，解决学员疑问。<br>内容：培训内容总结，关键点回顾，学员提问与解答。<br><br><b>评估测试</b><br>学习目标：评估学员掌握的数据标注技能。<br>内容：<br>• 理论测试：关于数据标注基本概念和工具使用的笔试。<br>• 实操测试：要求学员完成指定的数据标注任务。
【4.1.2】爬虫培训大纲编写<br><br>📋 工作任务：<br>A企业是一家互联网金融机构，需要利用人工智能技术获取大量上市公司的财务报告。为了提高获取效率，现计划对新进技术人员进行网页爬虫工具的使用培训。通过这次培训，将会使新进技术人员掌握常用网页爬虫工具的使用，能对网络公开的上市公司财务报告进行获取，达到人工智能训练师四级/中级工的技能水平。请你根据要求补全素材4.1.2.docx中的培训大纲。<br><br>💡 提示：请将答案写在对应题号的答题卷上;【标准答案】<br><br><b>爬虫培训大纲：</b><br><br><b>爬虫基础理论</b><br>学习目标：理解网络爬虫的概念、工作原理及其在数据采集中的应用，并了解爬虫的法律和道德规范。<br>内容：<br>• 什么是网络爬虫？<br>• 爬虫的工作原理：HTTP请求、HTML解析、数据存储。<br>• 爬虫的法律和道德规范：robots.txt、数据使用许可、隐私保护。<br><br><b>Python爬虫环境搭建</b><br>学习目标：掌握Python爬虫开发环境的搭建和常用库的安装。<br>内容：<br>• Python安装与配置。<br>• 常用爬虫库安装：requests、BeautifulSoup、Scrapy、Selenium。<br>• 开发工具选择：Jupyter Notebook、PyCharm等。<br><br><b>静态网页爬虫</b><br>学习目标：学会使用requests和BeautifulSoup进行静态网页数据抓取。<br>内容：<br>• requests库发送HTTP请求。<br>• BeautifulSoup解析HTML文档。<br>• 数据提取：CSS选择器、XPath。<br>• 实践操作：抓取上市公司财务报告页面。<br><br><b>动态网页爬虫</b><br>学习目标：掌握使用Selenium进行动态网页数据抓取的方法。<br>内容：<br>• Selenium简介与安装。<br>• 浏览器自动化操作：点击、输入、滚动等。<br>• 等待机制：显式等待、隐式等待。<br>• 实践操作：抓取需要JavaScript渲染的财务报告页面。<br><br><b>Scrapy框架</b><br>学习目标：掌握使用Scrapy框架进行大规模数据采集的方法。<br>内容：<br>• Scrapy简介与安装。<br>• Scrapy项目结构：Spider、Item、Pipeline、Middleware。<br>• 数据去重与增量爬取。<br>• 实践操作：使用Scrapy批量抓取上市公司财务报告。<br><br><b>爬虫项目实战</b><br>学习目标：综合运用所学知识进行爬虫项目。<br>内容：<br>• 项目介绍：抓取所有上市公司的财务报告。<br>• 数据采集：设计爬虫策略，处理反爬机制。<br>• 数据存储：保存到CSV、Excel或数据库。<br>• 项目评审：展示抓取成果，讲解实现思路和遇到的问题。<br><br><b>总结与答疑</b><br>学习目标：巩固所学内容，解决学员疑问。<br>内容：培训内容总结，关键点回顾，学员提问与解答。<br><br><b>评估测试</b><br>学习目标：评估学员掌握的爬虫技能。<br>内容：<br>• 理论测试：关于爬虫基本概念和工具使用的笔试。<br>• 实操测试：要求学员完成指定的网页抓取任务。
【4.1.3】数据清洗培训大纲编写<br><br>📋 工作任务：<br>A企业是一家康复训练机构，需要利用人工智能技术为康复患者提供个性化的康复训练计划，并实时监控训练效果。为了提高人工智能技术的应用效果，其采集了大量的康复数据，现计划对新进技术人员进行数据清洗工具的使用培训。通过这次培训，将会使新进技术人员掌握4中基于Python的数据清洗工具的使用，能对大量的康复数据进行清洗，达到人工智能训练师四级/中级工的技能水平。请你根据要求补全素材4.1.3.docx中的培训大纲。<br><br>💡 提示：请将答案写在对应题号的答题卷上;【标准答案】<br><br><b>数据清洗培训大纲：</b><br><br><b>数据清洗基础理论</b><br>学习目标：掌握数据清洗的基本概念和流程。<br>内容：<br>• 什么是数据清洗？<br>• 数据清洗的常见任务：数据去重、缺失值处理、数据格式转换等。<br>• 数据清洗在数据分析和模型训练中的重要性。<br><br><b>Pandas数据清洗</b><br>学习目标：掌握使用Pandas进行数据清洗的方法。<br>内容：<br>• Pandas简介与安装。<br>• 数据读取与保存：CSV、Excel、SQL等格式。<br>• 数据筛选与过滤：条件筛选、去重、缺失值处理。<br>• 数据转换：数据类型转换、时间序列处理。<br>• 实践操作：使用Pandas清洗一个康复数据集。<br><br><b>NumPy数据清洗</b><br>学习目标：掌握使用NumPy进行数值数据清洗的方法。<br>内容：<br>• NumPy简介与安装。<br>• 数组操作：创建、索引、切片。<br>• 数值计算：统计函数、数学运算。<br>• 实践操作：使用NumPy处理康复数据中的数值字段。<br><br><b>OpenRefine数据清洗</b><br>学习目标：掌握使用OpenRefine进行数据清洗的方法。<br>内容：<br>• OpenRefine简介与安装。<br>• 数据导入与导出。<br>• 数据转换：分面、聚类、转换表达式。<br>• 实践操作：使用OpenRefine清洗康复数据中的文本字段。<br><br><b>Dask数据清洗</b><br>学习目标：掌握使用Dask进行大规模数据清洗的方法。<br>内容：<br>• Dask简介与安装。<br>• Dask DataFrame与Pandas的对比。<br>• 并行计算与分布式处理。<br>• 实践操作：使用Dask清洗大规模康复数据集。<br><br><b>数据清洗项目实战</b><br>学习目标：综合运用所学知识进行数据清洗项目。<br>内容：<br>• 项目介绍：清洗一个多来源、多格式的康复数据集。<br>• 数据采集：导入多种格式的数据。<br>• 数据清洗：使用Pandas、NumPy、OpenRefine、Dask进行清洗。<br>• 项目评审：展示清洗成果，讲解实现思路和遇到的问题。<br><br><b>总结与答疑</b><br>学习目标：巩固所学内容，解决学员疑问。<br>内容：培训内容总结，关键点回顾，学员提问与解答。<br><br><b>评估测试</b><br>学习目标：评估学员掌握的数据清洗技能。<br>内容：<br>• 理论测试：关于数据清洗基本概念和工具使用的笔试。<br>• 实操测试：要求学员完成指定的数据清洗任务。
【4.1.4】Pandas 数据清洗培训大纲编写<br><br>📋 工作任务：<br>A企业是一家康复训练机构，需要利用人工智能技术为康复患者提供个性化的康复训练计划。为了提高人工智能技术的应用效果，其采集了大量的康复数据，现计划对新进技术人员进行数据清洗工具的使用培训。因为Pandas是Python中最为广泛使用的数据分析和操作库之一，因此这次培训将使新进技术人员掌握Pandas的主要数据清洗功能使用，能对大量的康复数据进行清洗，达到人工智能训练师四级/中级工的技能水平。请你根据要求补全素材4.1.4.docx中的培训大纲。<br><br>💡 提示：请将答案写在对应题号的答题卷上;【标准答案】<br><br><b>Pandas 数据清洗培训大纲：</b><br><br><b>数据清洗基础理论</b><br>学习目标：掌握数据清洗的基本概念和流程。<br>内容：<br>• 什么是数据清洗？<br>• 数据清洗的常见任务：数据去重、缺失值处理、数据格式转换等。<br>• 数据清洗在数据分析和模型训练中的重要性。<br><br><b>Pandas简介与安装</b><br>学习目标：学会使用Pandas读取和保存不同格式的数据。<br>内容：<br>• 读取CSV、Excel、SQL等格式的数据。<br>• 保存数据到CSV、Excel等格式。<br>• 实践操作：导入和导出康复数据集。<br><br><b>数据筛选与过滤</b><br>学习目标：掌握基于条件筛选、去重及处理缺失值的方法。<br>内容：<br>• 条件筛选：基于单列或多列的条件筛选数据。<br>• 数据去重：去除重复记录。<br>• 缺失值处理：识别、删除和填充缺失值。<br>• 实践操作：筛选和过滤康复数据。<br><br><b>数据转换</b><br>学习目标：学会进行数据类型转换、时间序列处理及数据列的分割与合并。<br>内容：<br>• 数据类型转换：转换数据类型（如字符串到日期）。<br>• 时间序列处理：处理和分析时间序列数据。<br>• 数据分列和合并：分割和合并数据列。<br>• 实践操作：转换和处理康复数据。<br><br><b>数据合并与重塑</b><br>学习目标：掌握数据合并及重塑的方法。<br>内容：<br>• 数据合并：concat和merge方法。<br>• 数据重塑：pivot和melt方法。<br>• 实践操作：合并和重塑康复数据。<br><br><b>数据分组与聚合</b><br>学习目标：能够使用groupby方法对数据进行分组，并应用聚合函数进行数据分析。<br>内容：<br>• 数据分组：groupby方法。<br>• 聚合函数：sum、mean、count等。<br>• 实践操作：分组和聚合康复数据。<br><br><b>数据可视化</b><br>学习目标：综合运用所学知识进行数据清洗项目。<br>内容：<br>• 项目介绍：清洗一个多来源的康复数据集。<br>• 数据采集：导入多种格式的数据。<br>• 数据清洗：使用Pandas进行数据清洗和转换。<br>• 项目评审：展示清洗成果，讲解实现思路和遇到的问题。<br><br><b>总结与答疑</b><br>学习目标：巩固所学内容，解决学员疑问。<br>内容：培训内容总结，关键点回顾，学员提问与解答。<br><br><b>评估测试</b><br>学习目标：评估学员掌握的Pandas数据清洗技能。<br>内容：<br>• 理论测试：关于Pandas基本概念和函数使用的笔试。<br>• 实操测试：要求学员完成指定的数据清洗任务。
【4.1.5】Python 数据可视化培训大纲编写<br><br>📋 工作任务：<br>A企业是一家康复训练机构，需要利用人工智能技术为康复患者提供个性化的康复训练计划，并实时监控训练效果。为了提高人工智能技术的应用效果，其采集了大量的康复数据，现计划对新进技术人员进行数据可视化工具的使用培训。通过这次培训，将会使新进技术人员掌握Python的数据可视化工具的使用，能对重要数据进行可视化操作，达到人工智能训练师四级/中级工的技能水平。请你根据要求补全素材4.1.5.docx中的培训大纲。<br><br>💡 提示：请将答案写在对应题号的答题卷上;【标准答案】<br><br><b>Python 数据可视化培训大纲：</b><br><br><b>数据可视化基础理论</b><br>学习目标：理解数据可视化的概念、目的及其优势，并了解常见的数据可视化类型。<br>内容：<br>• 什么是数据可视化？<br>• 数据可视化的目的和优势。<br>• 常见的数据可视化类型：条形图、折线图、散点图、饼图等。<br><br><b>Matplotlib简介与安装</b><br>学习目标：了解Matplotlib的基本功能及其应用场景，并掌握其安装和配置方法。<br>内容：<br>• Matplotlib简介及其应用场景。<br>• 安装与配置Matplotlib库。<br>• Matplotlib基本构架与常用组件。<br><br><b>Matplotlib基本绘图</b><br>学习目标：学会使用Matplotlib创建简单图表并进行定制化设置。<br>内容：<br>• 创建简单图表：折线图、条形图、饼图。<br>• 图表定制：标题、轴标签、图例、颜色等。<br>• 实践操作：使用Matplotlib绘制康复数据的基本图表。<br><br><b>Plotly简介与安装</b><br>学习目标：熟悉Plotly的功能及其应用场景，并能正确安装和配置该库。<br>内容：<br>• Plotly简介及其应用场景。<br>• 安装与配置Plotly库。<br>• Plotly与Jupyter Notebook的结合使用。<br><br><b>Plotly交互式绘图</b><br>学习目标：掌握使用Plotly创建交互式图表的方法及其交互功能的应用。<br>内容：<br>• 创建交互式图表：折线图、散点图、饼图、地理图表。<br>• 图表交互功能：缩放、平移、悬停显示。<br>• 实践操作：使用Plotly绘制交互式康复数据图表。<br><br><b>数据可视化项目实战</b><br>学习目标：综合运用所学知识进行数据可视化项目。<br>内容：<br>• 项目介绍：对康复数据进行可视化分析。<br>• 数据采集与预处理：导入并清洗康复数据。<br>• 数据可视化：使用Matplotlib、Seaborn、Plotly进行可视化分析。<br>• 项目评审：展示可视化成果，讲解实现思路和遇到的问题。<br><br><b>总结与答疑</b><br>学习目标：巩固所学内容，解决学员疑问。<br>内容：培训内容总结，关键点回顾，学员提问与解答。<br><br><b>评估测试</b><br>学习目标：评估学员掌握的数据可视化技能。<br>内容：<br>• 理论测试：关于数据可视化基本概念和工具使用的笔试。<br>• 实操测试：要求学员完成指定的数据可视化任务。
【4.2.1】智能零售分析系统数据采集和处理指导<br><br>📋 工作任务：<br>在快速发展的零售行业中，商家面临着巨大的竞争压力，需要精准地了解消费者行为、优化库存管理、预测销售趋势以及提升顾客体验。为了应对这些挑战，某大型连锁超市决定部署一套智能零售分析系统，该系统将利用人工智能和大数据分析来提升其业务效率和客户满意度。智能零售分析系统的目标包括：提高销售转化率和客户忠诚度。减少库存成本，避免滞销和断货。降低运营成本，提高供应链效率。加强市场竞争力，快速响应市场变化。智能零售分析系统的业务需求包括：顾客行为分析：收集顾客购物习惯、偏好和购买频率，以便于定制个性化营销策略。库存优化：实时监测货架上的商品存量，预测补货需求，减少过度库存和缺货情况。销售预测：基于历史销售数据和市场趋势，预测未来销售，辅助决策。动态定价：根据供需关系、竞争对手价格变动等因素，动态调整商品价格。客户满意度提升：通过分析顾客反馈和评论，识别服务短板，改进服务质量。你作为一名人工智能训练师，根据上述的智能零售分析系统的系统目标和业务需求，补全智能零售分析系统的数据采集和处理指导方案（见素材文件夹中的4.2.1.docx）。所有结果文件储存在桌面新建的考生文件夹中，文件夹命名为“准考证号+身份证号后六位”。<br><br>💡 提示：请将答案写在对应题号的答题卷上;【标准答案】<br><br><b>智能零售分析系统数据采集和处理指导方案：</b><br><br><b>1. 数据采集</b><br>• 顾客行为数据：通过POS系统、会员卡、移动APP等渠道收集顾客购物习惯、偏好和购买频率数据。<br>• 库存数据：通过RFID标签、条形码扫描、货架传感器等实时监测商品存量数据。<br>• 销售数据：收集历史销售记录、促销活动数据、季节性销售数据等。<br>• 价格数据：采集竞争对手价格、市场供需数据、成本数据等。<br>• 客户反馈数据：收集顾客评价、投诉记录、满意度调查数据等。<br><br><b>2. 数据预处理</b><br>• 数据清洗：去除重复记录、处理缺失值、纠正错误数据。<br>• 数据转换：统一数据格式、标准化数据单位、时间序列对齐。<br>• 数据集成：将来自不同渠道的数据进行整合，建立统一的数据仓库。<br><br><b>3. 数据分析与建模</b><br>• 顾客行为分析：使用聚类算法分析顾客分群，使用关联规则挖掘购物模式。<br>• 库存优化：使用时间序列预测模型预测补货需求，设置安全库存阈值。<br>• 销售预测：基于历史数据和市场趋势，使用回归模型或机器学习算法预测未来销售。<br>• 动态定价：根据供需关系、竞争对手价格等因素，使用优化算法动态调整商品价格。<br>• 客户满意度分析：使用情感分析技术分析顾客评价，识别服务短板。<br><br><b>4. 数据存储与管理</b><br>• 数据库设计：设计合理的数据表结构，支持高效查询和分析。<br>• 数据备份：定期备份数据，确保数据安全。<br>• 数据权限管理：设置不同角色的数据访问权限，保护敏感数据。<br><br><b>5. 数据可视化与报告</b><br>• 仪表盘设计：创建实时数据仪表盘，展示关键业务指标。<br>• 报告生成：定期生成销售报告、库存报告、客户分析报告等。<br>• 预警机制：设置异常数据预警，及时通知相关人员。
【4.2.2】AI 辅助的医疗影像诊断系统数据采集和处理指导<br><br>📋 工作任务：<br>随着医疗科技的进步，AI在医疗影像诊断领域的应用日益广泛。AI辅助的医疗影像诊断系统能够通过深度学习技术，分析X射线、CT、MRI等医学影像，帮助医生更快速、更准确地识别病灶，评估病情，尤其在早期癌症筛查、骨伤评估、神经系统疾病诊断等方面展现出巨大潜力。这种系统不仅提高了诊断效率，降低了误诊率，还为偏远地区或医疗资源匮乏的地方提供了高水平的医疗影像分析服务。AI辅助的医疗影像诊断系统的目标包括：提高诊断准确率：利用AI技术，辅助医生识别细微的病灶特征，减少漏诊和误诊；加速诊断流程：自动化分析影像，缩短医生等待影像分析结果的时间，加快治疗进程；个性化诊疗方案：基于AI分析的结果，为患者提供更为精准的个性化治疗建议；医疗资源均衡分配：通过远程诊断，协助基层医疗机构提高诊疗水平，缩小城乡医疗差距；你作为一名人工智能训练师，根据上述的AI辅助的医疗影像诊断系统的系统目标，补全AI辅助的医疗影像诊断系统的数据采集和处理指导方案（见素材文件夹中4.2.2.docx）。所有结果文件储存在桌面新建的考生文件夹中，文件夹命名为“准考证号+身份证号后六位”。<br><br>💡 提示：请将答案写在对应题号的答题卷上;【标准答案】<br><br><b>AI 辅助的医疗影像诊断系统数据采集和处理指导方案：</b><br><br><b>1. 数据采集</b><br>• 影像数据来源：医院PACS系统、影像设备直接导出、公开医疗影像数据集。<br>• 影像类型：X射线、CT、MRI、超声等多种模态影像。<br>• 标注数据：由专业医生对影像进行病灶标注，包括位置、大小、类型等信息。<br>• 临床数据：收集患者基本信息、病史、诊断结果等临床数据。<br><br><b>2. 数据预处理</b><br>• 影像标准化：统一影像格式（如DICOM转PNG/NIFTI），标准化分辨率和灰度值。<br>• 数据增强：通过旋转、翻转、缩放、裁剪等方式扩充训练数据集。<br>• 数据清洗：去除质量不合格的影像，纠正标注错误。<br>• 数据脱敏：去除患者个人信息，保护隐私。<br><br><b>3. 模型训练与优化</b><br>• 模型选择：使用卷积神经网络（CNN）、U-Net等深度学习模型进行病灶检测。<br>• 迁移学习：使用预训练模型（如ResNet、EfficientNet）进行微调。<br>• 模型评估：使用准确率、召回率、F1分数等指标评估模型性能。<br>• 模型优化：调整超参数、使用集成学习提升模型性能。<br><br><b>4. 数据存储与管理</b><br>• 影像存储：使用PACS系统或云存储保存原始影像数据。<br>• 数据库设计：设计患者信息库、影像库、标注库、模型库等。<br>• 数据安全：加密存储、访问控制、审计日志。<br><br><b>5. 系统部署与应用</b><br>• 远程诊断平台：搭建Web端或移动端应用，支持医生远程访问影像和AI分析结果。<br>• 实时分析：支持影像上传后自动分析，快速返回诊断建议。<br>• 结果展示：可视化展示病灶位置、大小、置信度等信息。<br>• 反馈机制：收集医生对AI诊断结果的反馈，持续优化模型。
【4.2.3】AI 智能安防监控系统采集和处理指导<br><br>📋 工作任务：<br>在现代社会，公共安全和个人隐私保护成为人们日益关注的焦点。AI智能安防监控系统利用计算机视觉、深度学习和大数据分析技术，能够在公共场所、住宅区、企业园区等场景下，实时监测异常行为，预警潜在威胁，同时保护正常活动的隐私不受侵犯。系统通过摄像头捕捉视频流，利用AI算法分析人物行为、车辆移动、物品遗留等情况，自动识别可疑活动，如闯入禁区、夜间徘徊、暴力冲突等，并及时通知安保人员，有效提升安全管理水平。AI智能安防监控系统的目标包括：实时监测与异常行为识别：通过视频分析，即时发现并标记异常行为，减少人工监控的盲点。隐私保护：在识别异常行为的同时，确保普通人的日常活动不被过度关注，尊重个人隐私。快速响应：一旦发现紧急情况，立即触发警报，通知相关人员或机构，加快响应速度。数据分析与报告：对监控数据进行长期分析，为安全策略的制定和优化提供数据支持。你作为一名人工智能训练师，根据上述的AI智能安防监控系统的目标，补全AI智能安防监控系统的数据采集和处理指导方案（见素材文件夹中的4.2.3.docx）。所有结果文件储存在桌面新建的考生文件夹中，文件夹命名为“准考证号+身份证号后六位”。<br><br>💡 提示：请将答案写在对应题号的答题卷上;【标准答案】<br><br><b>AI 智能安防监控系统数据采集和处理指导方案：</b><br><br><b>1. 数据采集</b><br>• 视频数据：通过摄像头采集实时视频流，覆盖公共场所、住宅区、企业园区等场景。<br>• 传感器数据：采集红外传感器、门禁系统、报警器等设备的数据。<br>• 环境数据：采集光照、天气、温度等环境信息，辅助异常行为判断。<br>• 历史数据：收集历史监控视频和事件记录，用于模型训练和分析。<br><br><b>2. 数据预处理</b><br>• 视频抽帧：从视频流中提取关键帧，降低数据处理量。<br>• 图像增强：调整亮度、对比度、去噪等，提高图像质量。<br>• 隐私保护：对人脸、车牌等敏感信息进行模糊处理，保护个人隐私。<br>• 数据标注：标注异常行为样本，如闯入禁区、夜间徘徊、暴力冲突等。<br><br><b>3. 模型训练与优化</b><br>• 目标检测：使用YOLO、SSD等模型检测视频中的行人、车辆等目标。<br>• 行为识别：使用3D CNN、LSTM等模型识别异常行为模式。<br>• 模型优化：使用迁移学习、数据增强提升模型泛化能力。<br>• 实时推理：优化模型推理速度，支持实时视频分析。<br><br><b>4. 数据存储与管理</b><br>• 视频存储：使用分布式存储系统保存原始视频和分析结果。<br>• 事件数据库：记录异常事件的时间、地点、类型、置信度等信息。<br>• 数据安全：加密存储、访问控制、定期备份。<br><br><b>5. 预警与响应</b><br>• 实时预警：检测到异常行为时，立即触发警报，通知安保人员。<br>• 多渠道通知：支持短信、电话、APP推送等多种通知方式。<br>• 事件报告：生成异常事件报告，支持回溯分析。<br>• 策略优化：基于历史数据分析，优化监控策略和预警阈值。
【4.2.4】自动驾驶汽车感知系统数据采集与标注指导<br><br>📋 工作任务：<br>随着自动驾驶技术的不断进步，汽车行业正向着更高的自动化水平迈进。自动驾驶汽车的感知系统是实现这一目标的关键技术之一，它通过各种传感器（如摄像头、雷达、激光雷达等）收集环境信息，然后通过AI算法处理这些数据，使车辆能够识别周围的障碍物、道路状况、交通标志等，从而做出安全的驾驶决策。为了训练这些AI算法，需要大量高质量的标注数据，以确保自动驾驶汽车在各种驾驶环境下都能够准确地感知和理解环境。自动驾驶汽车感知系统的业务需求包括：数据多样性：系统需要收集覆盖各种天气条件、不同时间、不同地域以及各种驾驶场景的数据，以确保AI模型的泛化能力。高精度标注：对收集到的数据进行精细标注，包括但不限于车辆、行人、自行车、动物、交通标志、车道线、红绿灯等。实时数据处理：系统应能实时接收和处理来自车辆传感器的数据流，以支持即时的决策制定。数据安全性：确保数据在采集、传输和存储过程中的安全性，遵守相关数据保护法规。高效数据管理：提供数据检索、数据集构建、数据清洗和数据版本控制等功能，以支持数据科学家和工程师的工作。持续学习与更新：系统应支持模型的持续训练和优化，以适应不断变化的道路环境和交通规则。你作为一名人工智能训练师，根据上述的自动驾驶汽车感知系统的业务需求，补全自动驾驶汽车感知系统的数据采集和数据标注指导方案（见素材文件夹中的4.2.4.docx）。所有结果文件储存在桌面新建的考生文件夹中，文件夹命名为“准考证号+身份证号后六位”。<br><br>💡 提示：请将答案写在对应题号的答题卷上;【标准答案】<br><br><b>自动驾驶汽车感知系统数据采集与标注指导方案：</b><br><br><b>1. 数据采集</b><br>• 传感器配置：配置摄像头、雷达、激光雷达（LiDAR）、GPS等多种传感器。<br>• 场景覆盖：采集城市道路、高速公路、乡村道路、隧道、停车场等多种场景数据。<br>• 天气条件：采集晴天、雨天、雪天、雾天等不同天气条件下的数据。<br>• 时间覆盖：采集白天、夜晚、黄昏等不同时间段的数据。<br>• 地域覆盖：采集不同城市、不同国家的数据，确保模型泛化能力。<br><br><b>2. 数据标注</b><br>• 标注对象：车辆、行人、自行车、动物、交通标志、车道线、红绿灯、障碍物等。<br>• 标注类型：2D框、3D框、语义分割、实例分割、关键点标注等。<br>• 标注工具：使用Label Studio、CVAT、Scale AI等专业标注工具。<br>• 质量控制：多人交叉标注、专家审核、标注一致性检查。<br><br><b>3. 数据预处理</b><br>• 传感器融合：将摄像头、雷达、LiDAR数据进行时空对齐和融合。<br>• 数据清洗：去除传感器故障数据、异常值处理。<br>• 数据增强：通过模拟天气、光照变化等方式扩充数据集。<br>• 数据格式化：统一数据格式，支持模型训练。<br><br><b>4. 数据存储与管理</b><br>• 分布式存储：使用分布式文件系统存储海量传感器数据。<br>• 数据版本控制：使用DVC等工具管理数据集版本。<br>• 数据检索：支持按场景、天气、时间、地域等条件检索数据。<br>• 数据安全：加密存储、访问控制、合规审查。<br><br><b>5. 模型训练与持续优化</b><br>• 模型选择：使用PointPillars、CenterPoint等3D目标检测模型。<br>• 模型训练：使用大规模标注数据集训练感知模型。<br>• 模型评估：使用mAP、IoU等指标评估模型性能。<br>• 持续学习：收集路测数据，持续优化模型，适应新场景和新规则。
【4.2.5】智能化数据标注在文化遗产数字化保护中的应用指导<br><br>📋 工作任务：<br>文化遗产是人类历史和文明的重要载体，包括艺术、建筑、手工艺品、文献等，它们承载着丰富的人文价值和历史信息。然而，随着时间的流逝，许多文化遗产面临着自然侵蚀、人为破坏以及缺乏有效保护手段的威胁。近年来，数字化技术，尤其是人工智能和机器学习，为文化遗产的保护和传承提供了新的机遇。通过高精度的图像和三维模型采集，结合智能化数据标注，可以创建文化遗产的数字档案，不仅能够永久保存文化遗产的状态，还能为修复、研究和公众教育提供丰富的资源。智能化数据标注在文化遗产数字化保护中的业务需求包括：高精度标注：为了确保数字化模型的准确性和完整性，需要对文化遗产的每一个细节进行精确标注，包括文物的材质、纹理、结构特征、损伤区域等。自动化与智能化：利用AI技术，实现对文化遗产图像和三维模型的自动化分析和标注，减少人力成本，提高工作效率。多维度数据融合：结合不同来源和类型的图像、视频、三维扫描数据，创建综合性的文化遗产数字档案。跨学科协作：促进文化遗产专家、数据科学家和AI工程师之间的合作，共同推进文化遗产的数字化保护。数据安全与隐私保护：确保数字化文化遗产数据的安全存储和合法使用，尊重文化遗产持有者的权利和利益。你作为一名人工智能训练师，根据上述内容，补全智能化数据标注在文化遗产数字化保护中的应用指导方案（见素材文件夹中的4.2.5.docx）。所有结果文件储存在桌面新建的考生文件夹中，文件夹命名为“准考证号+身份证号后六位”。<br><br>💡 提示：请将答案写在对应题号的答题卷上;【标准答案】<br><br><b>智能化数据标注在文化遗产数字化保护中的应用指导方案：</b><br><br><b>1. 数据采集</b><br>• 图像采集：使用高分辨率相机拍摄文物的多角度照片，包括细节特写。<br>• 三维扫描：使用激光扫描仪、结构光扫描仪获取文物的三维模型数据。<br>• 视频采集：拍摄文物的动态展示视频，记录文物的使用场景。<br>• 文献数字化：扫描历史文献、手稿、图纸等，创建数字档案。<br><br><b>2. 数据标注</b><br>• 标注对象：文物的材质、纹理、结构特征、损伤区域、修复痕迹等。<br>• 标注类型：图像分类、目标检测、语义分割、3D模型标注。<br>• 专家参与：邀请文化遗产专家参与标注，确保标注准确性。<br>• 标注工具：使用Label Studio、3D标注工具等专业工具。<br><br><b>3. 数据预处理</b><br>• 图像增强：调整亮度、对比度、色彩平衡，提高图像质量。<br>• 三维模型优化：去除噪声、补全缺失、平滑处理。<br>• 数据融合：将图像、视频、三维扫描数据进行配准和融合。<br>• 数据标准化：统一数据格式、分辨率、坐标系。<br><br><b>4. AI模型训练</b><br>• 损伤检测：训练深度学习模型自动识别文物的损伤区域。<br>• 材质识别：训练分类模型识别文物的材质类型。<br>• 三维重建：使用NeRF等技术进行高质量三维重建。<br>• 自动化标注：训练模型辅助人工标注，提高标注效率。<br><br><b>5. 数字档案管理与应用</b><br>• 数据库建设：建立文化遗产数字档案数据库，支持高效检索。<br>• 可视化展示：使用VR/AR技术展示文化遗产的三维模型。<br>• 修复辅助：基于数字档案为文物修复提供参考依据。<br>• 公众教育：创建在线展览，向公众展示文化遗产的数字化成果。<br>• 数据安全：加密存储、访问控制、版权保护。
