chapter,total_score,earned_score,percentage,practice_file,item_id,description,difficulty,earned,max,correct
1.1.1,22,0,0.0,/Users/air/Downloads/GUIDE_AI_3/人工智能训练师_3级_sucai/1.1.1-materials/1.1.1_practice_202608052255.ipynb,M1,读取数据集,medium,0,1,False
1.1.1,22,0,0.0,/Users/air/Downloads/GUIDE_AI_3/人工智能训练师_3级_sucai/1.1.1-materials/1.1.1_practice_202608052255.ipynb,M2,创建新列'RiskLevel'，根据住院天数判断风险等级,hard,0,1,False
1.1.1,22,0,0.0,/Users/air/Downloads/GUIDE_AI_3/人工智能训练师_3级_sucai/1.1.1-materials/1.1.1_practice_202608052255.ipynb,M3,创建新列'RiskLevel'，根据住院天数判断风险等级,hard,0,1,False
1.1.1,22,0,0.0,/Users/air/Downloads/GUIDE_AI_3/人工智能训练师_3级_sucai/1.1.1-materials/1.1.1_practice_202608052255.ipynb,M4,创建新列'RiskLevel'，根据住院天数判断风险等级,hard,0,1,False
1.1.1,22,0,0.0,/Users/air/Downloads/GUIDE_AI_3/人工智能训练师_3级_sucai/1.1.1-materials/1.1.1_practice_202608052255.ipynb,M5,统计不同风险等级的患者数量,medium,0,1,False
1.1.1,22,0,0.0,/Users/air/Downloads/GUIDE_AI_3/人工智能训练师_3级_sucai/1.1.1-materials/1.1.1_practice_202608052255.ipynb,M6,统计不同风险等级的患者数量,medium,0,1,False
1.1.1,22,0,0.0,/Users/air/Downloads/GUIDE_AI_3/人工智能训练师_3级_sucai/1.1.1-materials/1.1.1_practice_202608052255.ipynb,M7,计算高风险患者占比,easy,0,1,False
1.1.1,22,0,0.0,/Users/air/Downloads/GUIDE_AI_3/人工智能训练师_3级_sucai/1.1.1-materials/1.1.1_practice_202608052255.ipynb,M8,计算低风险患者占比,easy,0,1,False
1.1.1,22,0,0.0,/Users/air/Downloads/GUIDE_AI_3/人工智能训练师_3级_sucai/1.1.1-materials/1.1.1_practice_202608052255.ipynb,M9,根据BMI值划分指定区间,hard,0,1,False
1.1.1,22,0,0.0,/Users/air/Downloads/GUIDE_AI_3/人工智能训练师_3级_sucai/1.1.1-materials/1.1.1_practice_202608052255.ipynb,M10,根据BMI值划分指定区间,hard,0,1,False
1.1.1,22,0,0.0,/Users/air/Downloads/GUIDE_AI_3/人工智能训练师_3级_sucai/1.1.1-materials/1.1.1_practice_202608052255.ipynb,M11,根据BMI值划分指定区间,hard,0,1,False
1.1.1,22,0,0.0,/Users/air/Downloads/GUIDE_AI_3/人工智能训练师_3级_sucai/1.1.1-materials/1.1.1_practice_202608052255.ipynb,M12,根据BMI值划分指定区间,hard,0,1,False
1.1.1,22,0,0.0,/Users/air/Downloads/GUIDE_AI_3/人工智能训练师_3级_sucai/1.1.1-materials/1.1.1_practice_202608052255.ipynb,M13,计算每个BMI区间中高风险患者的比例,hard,0,1,False
1.1.1,22,0,0.0,/Users/air/Downloads/GUIDE_AI_3/人工智能训练师_3级_sucai/1.1.1-materials/1.1.1_practice_202608052255.ipynb,M14,计算每个BMI区间中高风险患者的比例,hard,0,1,False
1.1.1,22,0,0.0,/Users/air/Downloads/GUIDE_AI_3/人工智能训练师_3级_sucai/1.1.1-materials/1.1.1_practice_202608052255.ipynb,M15,统计每个BMI区间的患者数量,medium,0,1,False
1.1.1,22,0,0.0,/Users/air/Downloads/GUIDE_AI_3/人工智能训练师_3级_sucai/1.1.1-materials/1.1.1_practice_202608052255.ipynb,M16,根据年龄值划分指定区间,hard,0,1,False
1.1.1,22,0,0.0,/Users/air/Downloads/GUIDE_AI_3/人工智能训练师_3级_sucai/1.1.1-materials/1.1.1_practice_202608052255.ipynb,M17,根据年龄值划分指定区间,hard,0,1,False
1.1.1,22,0,0.0,/Users/air/Downloads/GUIDE_AI_3/人工智能训练师_3级_sucai/1.1.1-materials/1.1.1_practice_202608052255.ipynb,M18,根据年龄值划分指定区间,hard,0,1,False
1.1.1,22,0,0.0,/Users/air/Downloads/GUIDE_AI_3/人工智能训练师_3级_sucai/1.1.1-materials/1.1.1_practice_202608052255.ipynb,M19,根据年龄值划分指定区间,hard,0,1,False
1.1.1,22,0,0.0,/Users/air/Downloads/GUIDE_AI_3/人工智能训练师_3级_sucai/1.1.1-materials/1.1.1_practice_202608052255.ipynb,M20,计算每个年龄区间中高风险患者的比例,hard,0,1,False
1.1.1,22,0,0.0,/Users/air/Downloads/GUIDE_AI_3/人工智能训练师_3级_sucai/1.1.1-materials/1.1.1_practice_202608052255.ipynb,M21,计算每个年龄区间中高风险患者的比例,hard,0,1,False
1.1.1,22,0,0.0,/Users/air/Downloads/GUIDE_AI_3/人工智能训练师_3级_sucai/1.1.1-materials/1.1.1_practice_202608052255.ipynb,M22,统计每个年龄区间的患者数量,medium,0,1,False
1.1.2,34,0,0.0,/Users/air/Downloads/GUIDE_AI_3/人工智能训练师_3级_sucai/1.1.2-materials/1.1.2_practice_202608052257.ipynb,M1,读取数据集,medium,0,2,False
1.1.2,34,0,0.0,/Users/air/Downloads/GUIDE_AI_3/人工智能训练师_3级_sucai/1.1.2-materials/1.1.2_practice_202608052257.ipynb,M2,对传感器类型进行分组，并计算每个组的数据数量和平均值,hard,0,1,False
1.1.2,34,0,0.0,/Users/air/Downloads/GUIDE_AI_3/人工智能训练师_3级_sucai/1.1.2-materials/1.1.2_practice_202608052257.ipynb,M3,对传感器类型进行分组，并计算每个组的数据数量和平均值,hard,0,1,False
1.1.2,34,0,0.0,/Users/air/Downloads/GUIDE_AI_3/人工智能训练师_3级_sucai/1.1.2-materials/1.1.2_practice_202608052257.ipynb,M4,对传感器类型进行分组，并计算每个组的数据数量和平均值,hard,0,1,False
1.1.2,34,0,0.0,/Users/air/Downloads/GUIDE_AI_3/人工智能训练师_3级_sucai/1.1.2-materials/1.1.2_practice_202608052257.ipynb,M5,筛选出温度和湿度数据，然后按位置和传感器类型分组，计算每个组的平均值,hard,0,1,False
1.1.2,34,0,0.0,/Users/air/Downloads/GUIDE_AI_3/人工智能训练师_3级_sucai/1.1.2-materials/1.1.2_practice_202608052257.ipynb,M6,筛选出温度和湿度数据，然后按位置和传感器类型分组，计算每个组的平均值,hard,0,1,False
1.1.2,34,0,0.0,/Users/air/Downloads/GUIDE_AI_3/人工智能训练师_3级_sucai/1.1.2-materials/1.1.2_practice_202608052257.ipynb,M7,标记异常值,medium,0,3,False
1.1.2,34,0,0.0,/Users/air/Downloads/GUIDE_AI_3/人工智能训练师_3级_sucai/1.1.2-materials/1.1.2_practice_202608052257.ipynb,M8,标记异常值,medium,0,3,False
1.1.2,34,0,0.0,/Users/air/Downloads/GUIDE_AI_3/人工智能训练师_3级_sucai/1.1.2-materials/1.1.2_practice_202608052257.ipynb,M9,标记异常值,medium,0,3,False
1.1.2,34,0,0.0,/Users/air/Downloads/GUIDE_AI_3/人工智能训练师_3级_sucai/1.1.2-materials/1.1.2_practice_202608052257.ipynb,M10,输出异常值数量,medium,0,2,False
1.1.2,34,0,0.0,/Users/air/Downloads/GUIDE_AI_3/人工智能训练师_3级_sucai/1.1.2-materials/1.1.2_practice_202608052257.ipynb,M11,使用前向填充和后向填充的方法填补缺失值,medium,0,2,False
1.1.2,34,0,0.0,/Users/air/Downloads/GUIDE_AI_3/人工智能训练师_3级_sucai/1.1.2-materials/1.1.2_practice_202608052257.ipynb,M12,使用前向填充和后向填充的方法填补缺失值,medium,0,2,False
1.1.2,34,0,0.0,/Users/air/Downloads/GUIDE_AI_3/人工智能训练师_3级_sucai/1.1.2-materials/1.1.2_practice_202608052257.ipynb,M13,使用前向填充和后向填充的方法填补缺失值,medium,0,2,False
1.1.2,34,0,0.0,/Users/air/Downloads/GUIDE_AI_3/人工智能训练师_3级_sucai/1.1.2-materials/1.1.2_practice_202608052257.ipynb,M14,使用前向填充和后向填充的方法填补缺失值,medium,0,2,False
1.1.2,34,0,0.0,/Users/air/Downloads/GUIDE_AI_3/人工智能训练师_3级_sucai/1.1.2-materials/1.1.2_practice_202608052257.ipynb,M15,删除用于标记异常值的列，并将清洗后的数据保存到新的CSV文件中,medium,0,2,False
1.1.2,34,0,0.0,/Users/air/Downloads/GUIDE_AI_3/人工智能训练师_3级_sucai/1.1.2-materials/1.1.2_practice_202608052257.ipynb,M16,删除用于标记异常值的列，并将清洗后的数据保存到新的CSV文件中,medium,0,2,False
1.1.2,34,0,0.0,/Users/air/Downloads/GUIDE_AI_3/人工智能训练师_3级_sucai/1.1.2-materials/1.1.2_practice_202608052257.ipynb,M17,删除用于标记异常值的列，并将清洗后的数据保存到新的CSV文件中,hard,0,2,False
1.1.2,34,0,0.0,/Users/air/Downloads/GUIDE_AI_3/人工智能训练师_3级_sucai/1.1.2-materials/1.1.2_practice_202608052257.ipynb,M18,删除用于标记异常值的列，并将清洗后的数据保存到新的CSV文件中,hard,0,2,False
1.1.3,13,0,0.0,/Users/air/Downloads/GUIDE_AI_3/人工智能训练师_3级_sucai/1.1.3-materials/1.1.3_practice_202608052258.ipynb,M1,完成代码填空,hard,0,1,False
1.1.3,13,0,0.0,/Users/air/Downloads/GUIDE_AI_3/人工智能训练师_3级_sucai/1.1.3-materials/1.1.3_practice_202608052258.ipynb,M2,完成代码填空,hard,0,1,False
1.1.3,13,0,0.0,/Users/air/Downloads/GUIDE_AI_3/人工智能训练师_3级_sucai/1.1.3-materials/1.1.3_practice_202608052258.ipynb,M3,完成代码填空,medium,0,1,False
1.1.3,13,0,0.0,/Users/air/Downloads/GUIDE_AI_3/人工智能训练师_3级_sucai/1.1.3-materials/1.1.3_practice_202608052258.ipynb,M4,完成代码填空,medium,0,1,False
1.1.3,13,0,0.0,/Users/air/Downloads/GUIDE_AI_3/人工智能训练师_3级_sucai/1.1.3-materials/1.1.3_practice_202608052258.ipynb,M5,完成代码填空,easy,0,1,False
1.1.3,13,0,0.0,/Users/air/Downloads/GUIDE_AI_3/人工智能训练师_3级_sucai/1.1.3-materials/1.1.3_practice_202608052258.ipynb,M6,完成代码填空,easy,0,1,False
1.1.3,13,0,0.0,/Users/air/Downloads/GUIDE_AI_3/人工智能训练师_3级_sucai/1.1.3-materials/1.1.3_practice_202608052258.ipynb,M7,完成代码填空,medium,0,1,False
1.1.3,13,0,0.0,/Users/air/Downloads/GUIDE_AI_3/人工智能训练师_3级_sucai/1.1.3-materials/1.1.3_practice_202608052258.ipynb,M8,完成代码填空,medium,0,1,False
1.1.3,13,0,0.0,/Users/air/Downloads/GUIDE_AI_3/人工智能训练师_3级_sucai/1.1.3-materials/1.1.3_practice_202608052258.ipynb,M9,完成代码填空,medium,0,1,False
1.1.3,13,0,0.0,/Users/air/Downloads/GUIDE_AI_3/人工智能训练师_3级_sucai/1.1.3-materials/1.1.3_practice_202608052258.ipynb,M10,完成代码填空,medium,0,1,False
1.1.3,13,0,0.0,/Users/air/Downloads/GUIDE_AI_3/人工智能训练师_3级_sucai/1.1.3-materials/1.1.3_practice_202608052258.ipynb,M11,保存结果到文件,hard,0,1,False
1.1.3,13,0,0.0,/Users/air/Downloads/GUIDE_AI_3/人工智能训练师_3级_sucai/1.1.3-materials/1.1.3_practice_202608052258.ipynb,M12,保存结果到文件,hard,0,1,False
1.1.3,13,0,0.0,/Users/air/Downloads/GUIDE_AI_3/人工智能训练师_3级_sucai/1.1.3-materials/1.1.3_practice_202608052258.ipynb,M13,保存结果到文件,hard,0,1,False
1.1.4,27,0,0.0,/Users/air/Downloads/GUIDE_AI_3/人工智能训练师_3级_sucai/1.1.4-materials/1.1.4_practice_202608052304.ipynb,M1,从本地文件中读取数据,medium,0,2,False
1.1.4,27,0,0.0,/Users/air/Downloads/GUIDE_AI_3/人工智能训练师_3级_sucai/1.1.4-materials/1.1.4_practice_202608052304.ipynb,M2,打印数据的前5条记录,medium,0,2,False
1.1.4,27,0,0.0,/Users/air/Downloads/GUIDE_AI_3/人工智能训练师_3级_sucai/1.1.4-materials/1.1.4_practice_202608052304.ipynb,M3,处理缺失值（删除）,medium,0,2,False
1.1.4,27,0,0.0,/Users/air/Downloads/GUIDE_AI_3/人工智能训练师_3级_sucai/1.1.4-materials/1.1.4_practice_202608052304.ipynb,M4,处理缺失值（删除）,medium,0,1,False
1.1.4,27,0,0.0,/Users/air/Downloads/GUIDE_AI_3/人工智能训练师_3级_sucai/1.1.4-materials/1.1.4_practice_202608052304.ipynb,M5,处理缺失值（删除）,medium,0,1,False
1.1.4,27,0,0.0,/Users/air/Downloads/GUIDE_AI_3/人工智能训练师_3级_sucai/1.1.4-materials/1.1.4_practice_202608052304.ipynb,M6,完成代码填空,medium,0,1,False
1.1.4,27,0,0.0,/Users/air/Downloads/GUIDE_AI_3/人工智能训练师_3级_sucai/1.1.4-materials/1.1.4_practice_202608052304.ipynb,M7,完成代码填空,medium,0,1,False
1.1.4,27,0,0.0,/Users/air/Downloads/GUIDE_AI_3/人工智能训练师_3级_sucai/1.1.4-materials/1.1.4_practice_202608052304.ipynb,M8,完成代码填空,medium,0,1,False
1.1.4,27,0,0.0,/Users/air/Downloads/GUIDE_AI_3/人工智能训练师_3级_sucai/1.1.4-materials/1.1.4_practice_202608052304.ipynb,M9,完成代码填空,medium,0,1,False
1.1.4,27,0,0.0,/Users/air/Downloads/GUIDE_AI_3/人工智能训练师_3级_sucai/1.1.4-materials/1.1.4_practice_202608052304.ipynb,M10,处理异常值,hard,0,1,False
1.1.4,27,0,0.0,/Users/air/Downloads/GUIDE_AI_3/人工智能训练师_3级_sucai/1.1.4-materials/1.1.4_practice_202608052304.ipynb,M11,处理异常值,hard,0,1,False
1.1.4,27,0,0.0,/Users/air/Downloads/GUIDE_AI_3/人工智能训练师_3级_sucai/1.1.4-materials/1.1.4_practice_202608052304.ipynb,M12,处理异常值,hard,0,1,False
1.1.4,27,0,0.0,/Users/air/Downloads/GUIDE_AI_3/人工智能训练师_3级_sucai/1.1.4-materials/1.1.4_practice_202608052304.ipynb,M13,处理异常值,hard,0,1,False
1.1.4,27,0,0.0,/Users/air/Downloads/GUIDE_AI_3/人工智能训练师_3级_sucai/1.1.4-materials/1.1.4_practice_202608052304.ipynb,M14,完成代码填空,hard,0,1,False
1.1.4,27,0,0.0,/Users/air/Downloads/GUIDE_AI_3/人工智能训练师_3级_sucai/1.1.4-materials/1.1.4_practice_202608052304.ipynb,M15,完成代码填空,hard,0,1,False
1.1.4,27,0,0.0,/Users/air/Downloads/GUIDE_AI_3/人工智能训练师_3级_sucai/1.1.4-materials/1.1.4_practice_202608052304.ipynb,M16,完成代码填空,hard,0,1,False
1.1.4,27,0,0.0,/Users/air/Downloads/GUIDE_AI_3/人工智能训练师_3级_sucai/1.1.4-materials/1.1.4_practice_202608052304.ipynb,M17,完成代码填空,hard,0,1,False
1.1.4,27,0,0.0,/Users/air/Downloads/GUIDE_AI_3/人工智能训练师_3级_sucai/1.1.4-materials/1.1.4_practice_202608052304.ipynb,M18,保存清洗后的数据,medium,0,1,False
1.1.4,27,0,0.0,/Users/air/Downloads/GUIDE_AI_3/人工智能训练师_3级_sucai/1.1.4-materials/1.1.4_practice_202608052304.ipynb,M19,统计每个购买类别的用户数,medium,0,1,False
1.1.4,27,0,0.0,/Users/air/Downloads/GUIDE_AI_3/人工智能训练师_3级_sucai/1.1.4-materials/1.1.4_practice_202608052304.ipynb,M20,统计每个购买类别的用户数,medium,0,1,False
1.1.4,27,0,0.0,/Users/air/Downloads/GUIDE_AI_3/人工智能训练师_3级_sucai/1.1.4-materials/1.1.4_practice_202608052304.ipynb,M21,统计不同性别的平均购买金额,hard,0,1,False
1.1.4,27,0,0.0,/Users/air/Downloads/GUIDE_AI_3/人工智能训练师_3级_sucai/1.1.4-materials/1.1.4_practice_202608052304.ipynb,M22,统计不同性别的平均购买金额,hard,0,1,False
1.1.4,27,0,0.0,/Users/air/Downloads/GUIDE_AI_3/人工智能训练师_3级_sucai/1.1.4-materials/1.1.4_practice_202608052304.ipynb,M23,统计不同年龄段的用户数,medium,0,1,False
1.1.4,27,0,0.0,/Users/air/Downloads/GUIDE_AI_3/人工智能训练师_3级_sucai/1.1.4-materials/1.1.4_practice_202608052304.ipynb,M24,统计不同年龄段的用户数,medium,0,1,False
1.1.5,40,5,12.5,/Users/air/Downloads/GUIDE_AI_3/人工智能训练师_3级_sucai/1.1.5-materials/1.1.5_practice_20260802.ipynb,M1,从本地文件中读取数据,medium,0,2,False
1.1.5,40,5,12.5,/Users/air/Downloads/GUIDE_AI_3/人工智能训练师_3级_sucai/1.1.5-materials/1.1.5_practice_20260802.ipynb,M2,打印数据的前5条记录,medium,0,2,False
1.1.5,40,5,12.5,/Users/air/Downloads/GUIDE_AI_3/人工智能训练师_3级_sucai/1.1.5-materials/1.1.5_practice_20260802.ipynb,M3,处理缺失值（删除）,medium,0,2,False
1.1.5,40,5,12.5,/Users/air/Downloads/GUIDE_AI_3/人工智能训练师_3级_sucai/1.1.5-materials/1.1.5_practice_20260802.ipynb,M4,处理缺失值（删除）,medium,1,1,True
1.1.5,40,5,12.5,/Users/air/Downloads/GUIDE_AI_3/人工智能训练师_3级_sucai/1.1.5-materials/1.1.5_practice_20260802.ipynb,M5,处理缺失值（删除）,medium,1,1,True
1.1.5,40,5,12.5,/Users/air/Downloads/GUIDE_AI_3/人工智能训练师_3级_sucai/1.1.5-materials/1.1.5_practice_20260802.ipynb,M6,完成代码填空,medium,0,1,False
1.1.5,40,5,12.5,/Users/air/Downloads/GUIDE_AI_3/人工智能训练师_3级_sucai/1.1.5-materials/1.1.5_practice_20260802.ipynb,M7,完成代码填空,medium,0,1,False
1.1.5,40,5,12.5,/Users/air/Downloads/GUIDE_AI_3/人工智能训练师_3级_sucai/1.1.5-materials/1.1.5_practice_20260802.ipynb,M8,完成代码填空,medium,0,1,False
1.1.5,40,5,12.5,/Users/air/Downloads/GUIDE_AI_3/人工智能训练师_3级_sucai/1.1.5-materials/1.1.5_practice_20260802.ipynb,M9,完成代码填空,medium,0,1,False
1.1.5,40,5,12.5,/Users/air/Downloads/GUIDE_AI_3/人工智能训练师_3级_sucai/1.1.5-materials/1.1.5_practice_20260802.ipynb,M10,完成代码填空,medium,0,1,False
1.1.5,40,5,12.5,/Users/air/Downloads/GUIDE_AI_3/人工智能训练师_3级_sucai/1.1.5-materials/1.1.5_practice_20260802.ipynb,M11,完成代码填空,medium,0,1,False
1.1.5,40,5,12.5,/Users/air/Downloads/GUIDE_AI_3/人工智能训练师_3级_sucai/1.1.5-materials/1.1.5_practice_20260802.ipynb,M12,处理异常值,medium,2,2,True
1.1.5,40,5,12.5,/Users/air/Downloads/GUIDE_AI_3/人工智能训练师_3级_sucai/1.1.5-materials/1.1.5_practice_20260802.ipynb,M13,处理异常值,medium,0,2,False
1.1.5,40,5,12.5,/Users/air/Downloads/GUIDE_AI_3/人工智能训练师_3级_sucai/1.1.5-materials/1.1.5_practice_20260802.ipynb,M14,处理异常值,medium,0,2,False
1.1.5,40,5,12.5,/Users/air/Downloads/GUIDE_AI_3/人工智能训练师_3级_sucai/1.1.5-materials/1.1.5_practice_20260802.ipynb,M15,处理异常值,medium,0,2,False
1.1.5,40,5,12.5,/Users/air/Downloads/GUIDE_AI_3/人工智能训练师_3级_sucai/1.1.5-materials/1.1.5_practice_20260802.ipynb,M16,保存清洗后的数据,medium,0,1,False
1.1.5,40,5,12.5,/Users/air/Downloads/GUIDE_AI_3/人工智能训练师_3级_sucai/1.1.5-materials/1.1.5_practice_20260802.ipynb,M17,审核字段合理性,medium,1,1,True
1.1.5,40,5,12.5,/Users/air/Downloads/GUIDE_AI_3/人工智能训练师_3级_sucai/1.1.5-materials/1.1.5_practice_20260802.ipynb,M18,审核字段合理性,medium,0,1,False
1.1.5,40,5,12.5,/Users/air/Downloads/GUIDE_AI_3/人工智能训练师_3级_sucai/1.1.5-materials/1.1.5_practice_20260802.ipynb,M19,审核字段合理性,medium,0,1,False
1.1.5,40,5,12.5,/Users/air/Downloads/GUIDE_AI_3/人工智能训练师_3级_sucai/1.1.5-materials/1.1.5_practice_20260802.ipynb,M20,审核字段合理性,medium,0,1,False
1.1.5,40,5,12.5,/Users/air/Downloads/GUIDE_AI_3/人工智能训练师_3级_sucai/1.1.5-materials/1.1.5_practice_20260802.ipynb,M21,统计每种交通事件的发生次数,medium,0,2,False
1.1.5,40,5,12.5,/Users/air/Downloads/GUIDE_AI_3/人工智能训练师_3级_sucai/1.1.5-materials/1.1.5_practice_20260802.ipynb,M22,统计不同性别的平均车速、行驶距离和行驶时间,hard,0,1,False
1.1.5,40,5,12.5,/Users/air/Downloads/GUIDE_AI_3/人工智能训练师_3级_sucai/1.1.5-materials/1.1.5_practice_20260802.ipynb,M23,统计不同性别的平均车速、行驶距离和行驶时间,hard,0,1,False
1.1.5,40,5,12.5,/Users/air/Downloads/GUIDE_AI_3/人工智能训练师_3级_sucai/1.1.5-materials/1.1.5_practice_20260802.ipynb,M24,统计不同年龄段的驾驶员数,hard,0,1,False
1.1.5,40,5,12.5,/Users/air/Downloads/GUIDE_AI_3/人工智能训练师_3级_sucai/1.1.5-materials/1.1.5_practice_20260802.ipynb,M25,统计不同年龄段的驾驶员数,hard,0,1,False
1.1.5,40,5,12.5,/Users/air/Downloads/GUIDE_AI_3/人工智能训练师_3级_sucai/1.1.5-materials/1.1.5_practice_20260802.ipynb,M26,统计不同年龄段的驾驶员数,hard,0,1,False
1.1.5,40,5,12.5,/Users/air/Downloads/GUIDE_AI_3/人工智能训练师_3级_sucai/1.1.5-materials/1.1.5_practice_20260802.ipynb,M27,统计不同年龄段的驾驶员数,hard,0,1,False
1.1.5,40,5,12.5,/Users/air/Downloads/GUIDE_AI_3/人工智能训练师_3级_sucai/1.1.5-materials/1.1.5_practice_20260802.ipynb,M28,统计不同年龄段的驾驶员数,medium,0,5,False
2.1.1,20,0,0.0,/Users/air/Downloads/GUIDE_AI_3/人工智能训练师_3级_sucai/2.1.1-materials/2.1.1_practice_202608052155.ipynb,M1,加载数据集并显示数据集的前五行,medium,0,1,False
2.1.1,20,0,0.0,/Users/air/Downloads/GUIDE_AI_3/人工智能训练师_3级_sucai/2.1.1-materials/2.1.1_practice_202608052155.ipynb,M2,加载数据集并显示数据集的前五行,medium,0,1,False
2.1.1,20,0,0.0,/Users/air/Downloads/GUIDE_AI_3/人工智能训练师_3级_sucai/2.1.1-materials/2.1.1_practice_202608052155.ipynb,M3,检查缺失值并删除缺失值所在的行,hard,0,1,False
2.1.1,20,0,0.0,/Users/air/Downloads/GUIDE_AI_3/人工智能训练师_3级_sucai/2.1.1-materials/2.1.1_practice_202608052155.ipynb,M4,检查缺失值并删除缺失值所在的行,hard,0,1,False
2.1.1,20,0,0.0,/Users/air/Downloads/GUIDE_AI_3/人工智能训练师_3级_sucai/2.1.1-materials/2.1.1_practice_202608052155.ipynb,M5,检查缺失值并删除缺失值所在的行,hard,0,1,False
2.1.1,20,0,0.0,/Users/air/Downloads/GUIDE_AI_3/人工智能训练师_3级_sucai/2.1.1-materials/2.1.1_practice_202608052155.ipynb,M6,检查缺失值并删除缺失值所在的行,medium,0,2,False
2.1.1,20,0,0.0,/Users/air/Downloads/GUIDE_AI_3/人工智能训练师_3级_sucai/2.1.1-materials/2.1.1_practice_202608052155.ipynb,M7,将 'horsepower' 列转换为数值类型，并（删除）处理转换中的异常值,medium,0,1,False
2.1.1,20,0,0.0,/Users/air/Downloads/GUIDE_AI_3/人工智能训练师_3级_sucai/2.1.1-materials/2.1.1_practice_202608052155.ipynb,M8,将 'horsepower' 列转换为数值类型，并（删除）处理转换中的异常值,medium,0,1,False
2.1.1,20,0,0.0,/Users/air/Downloads/GUIDE_AI_3/人工智能训练师_3级_sucai/2.1.1-materials/2.1.1_practice_202608052155.ipynb,M9,对数值型数据进行标准化处理,medium,0,1,False
2.1.1,20,0,0.0,/Users/air/Downloads/GUIDE_AI_3/人工智能训练师_3级_sucai/2.1.1-materials/2.1.1_practice_202608052155.ipynb,M10,选择特征、自变量和目标变量,easy,0,2,False
2.1.1,20,0,0.0,/Users/air/Downloads/GUIDE_AI_3/人工智能训练师_3级_sucai/2.1.1-materials/2.1.1_practice_202608052155.ipynb,M11,选择特征、自变量和目标变量,easy,0,2,False
2.1.1,20,0,0.0,/Users/air/Downloads/GUIDE_AI_3/人工智能训练师_3级_sucai/2.1.1-materials/2.1.1_practice_202608052155.ipynb,M12,选择特征、自变量和目标变量,easy,0,2,False
2.1.1,20,0,0.0,/Users/air/Downloads/GUIDE_AI_3/人工智能训练师_3级_sucai/2.1.1-materials/2.1.1_practice_202608052155.ipynb,M13,划分数据集为训练集和测试集（训练集占8成）,medium,0,1,False
2.1.1,20,0,0.0,/Users/air/Downloads/GUIDE_AI_3/人工智能训练师_3级_sucai/2.1.1-materials/2.1.1_practice_202608052155.ipynb,M14,划分数据集为训练集和测试集（训练集占8成）,medium,0,1,False
2.1.1,20,0,0.0,/Users/air/Downloads/GUIDE_AI_3/人工智能训练师_3级_sucai/2.1.1-materials/2.1.1_practice_202608052155.ipynb,M15,保存清洗和处理后的数据（不存储额外的索引号）,hard,0,1,False
2.1.1,20,0,0.0,/Users/air/Downloads/GUIDE_AI_3/人工智能训练师_3级_sucai/2.1.1-materials/2.1.1_practice_202608052155.ipynb,M16,保存清洗和处理后的数据（不存储额外的索引号）,hard,0,1,False
2.1.2,15,0,0.0,/Users/air/Downloads/GUIDE_AI_3/人工智能训练师_3级_sucai/2.1.2-materials/2.1.2_practice_202608052218.ipynb,M1,完成代码填空,medium,0,1,False
2.1.2,15,0,0.0,/Users/air/Downloads/GUIDE_AI_3/人工智能训练师_3级_sucai/2.1.2-materials/2.1.2_practice_202608052218.ipynb,M2,完成代码填空,easy,0,1,False
2.1.2,15,0,0.0,/Users/air/Downloads/GUIDE_AI_3/人工智能训练师_3级_sucai/2.1.2-materials/2.1.2_practice_202608052218.ipynb,M3,删除缺失值,medium,0,1,False
2.1.2,15,0,0.0,/Users/air/Downloads/GUIDE_AI_3/人工智能训练师_3级_sucai/2.1.2-materials/2.1.2_practice_202608052218.ipynb,M4,完成代码填空,easy,0,1,False
2.1.2,15,0,0.0,/Users/air/Downloads/GUIDE_AI_3/人工智能训练师_3级_sucai/2.1.2-materials/2.1.2_practice_202608052218.ipynb,M5,完成代码填空,medium,0,1,False
2.1.2,15,0,0.0,/Users/air/Downloads/GUIDE_AI_3/人工智能训练师_3级_sucai/2.1.2-materials/2.1.2_practice_202608052218.ipynb,M6,训练模型,medium,0,1,False
2.1.2,15,0,0.0,/Users/air/Downloads/GUIDE_AI_3/人工智能训练师_3级_sucai/2.1.2-materials/2.1.2_practice_202608052218.ipynb,M7,完成代码填空,easy,0,1,False
2.1.2,15,0,0.0,/Users/air/Downloads/GUIDE_AI_3/人工智能训练师_3级_sucai/2.1.2-materials/2.1.2_practice_202608052218.ipynb,M8,完成代码填空,easy,0,1,False
2.1.2,15,0,0.0,/Users/air/Downloads/GUIDE_AI_3/人工智能训练师_3级_sucai/2.1.2-materials/2.1.2_practice_202608052218.ipynb,M9,完成代码填空,easy,0,1,False
2.1.2,15,0,0.0,/Users/air/Downloads/GUIDE_AI_3/人工智能训练师_3级_sucai/2.1.2-materials/2.1.2_practice_202608052218.ipynb,M10,完成代码填空,easy,0,1,False
2.1.2,15,0,0.0,/Users/air/Downloads/GUIDE_AI_3/人工智能训练师_3级_sucai/2.1.2-materials/2.1.2_practice_202608052218.ipynb,M11,完成代码填空,easy,0,1,False
2.1.2,15,0,0.0,/Users/air/Downloads/GUIDE_AI_3/人工智能训练师_3级_sucai/2.1.2-materials/2.1.2_practice_202608052218.ipynb,M12,完成代码填空,easy,0,1,False
2.1.2,15,0,0.0,/Users/air/Downloads/GUIDE_AI_3/人工智能训练师_3级_sucai/2.1.2-materials/2.1.2_practice_202608052218.ipynb,M13,完成代码填空,easy,0,1,False
2.1.2,15,0,0.0,/Users/air/Downloads/GUIDE_AI_3/人工智能训练师_3级_sucai/2.1.2-materials/2.1.2_practice_202608052218.ipynb,M14,完成代码填空,easy,0,1,False
2.1.2,15,0,0.0,/Users/air/Downloads/GUIDE_AI_3/人工智能训练师_3级_sucai/2.1.2-materials/2.1.2_practice_202608052218.ipynb,M15,完成代码填空,easy,0,1,False
2.1.3,17,6,35.3,/Users/air/Downloads/GUIDE_AI_3/人工智能训练师_3级_sucai/2.1.3-materials/2.1.3_practice_202608052242.ipynb,M1,加载数据集,medium,0,1,False
2.1.3,17,6,35.3,/Users/air/Downloads/GUIDE_AI_3/人工智能训练师_3级_sucai/2.1.3-materials/2.1.3_practice_202608052242.ipynb,M2,显示数据前几行,medium,0,1,False
2.1.3,17,6,35.3,/Users/air/Downloads/GUIDE_AI_3/人工智能训练师_3级_sucai/2.1.3-materials/2.1.3_practice_202608052242.ipynb,M3,完成代码填空,medium,1,1,True
2.1.3,17,6,35.3,/Users/air/Downloads/GUIDE_AI_3/人工智能训练师_3级_sucai/2.1.3-materials/2.1.3_practice_202608052242.ipynb,M4,完成代码填空,medium,1,1,True
2.1.3,17,6,35.3,/Users/air/Downloads/GUIDE_AI_3/人工智能训练师_3级_sucai/2.1.3-materials/2.1.3_practice_202608052242.ipynb,M5,完成代码填空,easy,0,1,False
2.1.3,17,6,35.3,/Users/air/Downloads/GUIDE_AI_3/人工智能训练师_3级_sucai/2.1.3-materials/2.1.3_practice_202608052242.ipynb,M6,完成代码填空,hard,1,1,True
2.1.3,17,6,35.3,/Users/air/Downloads/GUIDE_AI_3/人工智能训练师_3级_sucai/2.1.3-materials/2.1.3_practice_202608052242.ipynb,M7,完成代码填空,hard,1,1,True
2.1.3,17,6,35.3,/Users/air/Downloads/GUIDE_AI_3/人工智能训练师_3级_sucai/2.1.3-materials/2.1.3_practice_202608052242.ipynb,M8,完成代码填空,medium,0,1,False
2.1.3,17,6,35.3,/Users/air/Downloads/GUIDE_AI_3/人工智能训练师_3级_sucai/2.1.3-materials/2.1.3_practice_202608052242.ipynb,M9,训练模型,medium,0,1,False
2.1.3,17,6,35.3,/Users/air/Downloads/GUIDE_AI_3/人工智能训练师_3级_sucai/2.1.3-materials/2.1.3_practice_202608052242.ipynb,M10,完成代码填空,easy,0,1,False
2.1.3,17,6,35.3,/Users/air/Downloads/GUIDE_AI_3/人工智能训练师_3级_sucai/2.1.3-materials/2.1.3_practice_202608052242.ipynb,M11,完成代码填空,medium,0,1,False
2.1.3,17,6,35.3,/Users/air/Downloads/GUIDE_AI_3/人工智能训练师_3级_sucai/2.1.3-materials/2.1.3_practice_202608052242.ipynb,M12,完成代码填空,medium,0,1,False
2.1.3,17,6,35.3,/Users/air/Downloads/GUIDE_AI_3/人工智能训练师_3级_sucai/2.1.3-materials/2.1.3_practice_202608052242.ipynb,M13,完成代码填空,easy,0,1,False
2.1.3,17,6,35.3,/Users/air/Downloads/GUIDE_AI_3/人工智能训练师_3级_sucai/2.1.3-materials/2.1.3_practice_202608052242.ipynb,M14,划分训练集和测试集,medium,1,1,True
2.1.3,17,6,35.3,/Users/air/Downloads/GUIDE_AI_3/人工智能训练师_3级_sucai/2.1.3-materials/2.1.3_practice_202608052242.ipynb,M15,划分训练集和测试集,medium,1,1,True
2.1.3,17,6,35.3,/Users/air/Downloads/GUIDE_AI_3/人工智能训练师_3级_sucai/2.1.3-materials/2.1.3_practice_202608052242.ipynb,M16,保存结果到文件,medium,0,1,False
2.1.3,17,6,35.3,/Users/air/Downloads/GUIDE_AI_3/人工智能训练师_3级_sucai/2.1.3-materials/2.1.3_practice_202608052242.ipynb,M17,保存结果到文件,medium,0,1,False
2.1.4,19,0,0.0,/Users/air/Downloads/GUIDE_AI_3/人工智能训练师_3级_sucai/2.1.4-materials/2.1.4_practice_202608052301.ipynb,M1,加载数据集,medium,0,1,False
2.1.4,19,0,0.0,/Users/air/Downloads/GUIDE_AI_3/人工智能训练师_3级_sucai/2.1.4-materials/2.1.4_practice_202608052301.ipynb,M2,完成代码填空,medium,0,1,False
2.1.4,19,0,0.0,/Users/air/Downloads/GUIDE_AI_3/人工智能训练师_3级_sucai/2.1.4-materials/2.1.4_practice_202608052301.ipynb,M3,完成代码填空,medium,0,1,False
2.1.4,19,0,0.0,/Users/air/Downloads/GUIDE_AI_3/人工智能训练师_3级_sucai/2.1.4-materials/2.1.4_practice_202608052301.ipynb,M4,完成代码填空,medium,0,1,False
2.1.4,19,0,0.0,/Users/air/Downloads/GUIDE_AI_3/人工智能训练师_3级_sucai/2.1.4-materials/2.1.4_practice_202608052301.ipynb,M5,完成代码填空,medium,0,1,False
2.1.4,19,0,0.0,/Users/air/Downloads/GUIDE_AI_3/人工智能训练师_3级_sucai/2.1.4-materials/2.1.4_practice_202608052301.ipynb,M6,完成代码填空,hard,0,1,False
2.1.4,19,0,0.0,/Users/air/Downloads/GUIDE_AI_3/人工智能训练师_3级_sucai/2.1.4-materials/2.1.4_practice_202608052301.ipynb,M7,完成代码填空,hard,0,1,False
2.1.4,19,0,0.0,/Users/air/Downloads/GUIDE_AI_3/人工智能训练师_3级_sucai/2.1.4-materials/2.1.4_practice_202608052301.ipynb,M8,完成代码填空,hard,0,1,False
2.1.4,19,0,0.0,/Users/air/Downloads/GUIDE_AI_3/人工智能训练师_3级_sucai/2.1.4-materials/2.1.4_practice_202608052301.ipynb,M9,完成代码填空,hard,0,1,False
2.1.4,19,0,0.0,/Users/air/Downloads/GUIDE_AI_3/人工智能训练师_3级_sucai/2.1.4-materials/2.1.4_practice_202608052301.ipynb,M10,完成代码填空,medium,0,1,False
2.1.4,19,0,0.0,/Users/air/Downloads/GUIDE_AI_3/人工智能训练师_3级_sucai/2.1.4-materials/2.1.4_practice_202608052301.ipynb,M11,完成代码填空,easy,0,1,False
2.1.4,19,0,0.0,/Users/air/Downloads/GUIDE_AI_3/人工智能训练师_3级_sucai/2.1.4-materials/2.1.4_practice_202608052301.ipynb,M12,训练模型,medium,0,1,False
2.1.4,19,0,0.0,/Users/air/Downloads/GUIDE_AI_3/人工智能训练师_3级_sucai/2.1.4-materials/2.1.4_practice_202608052301.ipynb,M13,完成代码填空,medium,0,1,False
2.1.4,19,0,0.0,/Users/air/Downloads/GUIDE_AI_3/人工智能训练师_3级_sucai/2.1.4-materials/2.1.4_practice_202608052301.ipynb,M14,完成代码填空,medium,0,1,False
2.1.4,19,0,0.0,/Users/air/Downloads/GUIDE_AI_3/人工智能训练师_3级_sucai/2.1.4-materials/2.1.4_practice_202608052301.ipynb,M15,完成代码填空,hard,0,1,False
2.1.4,19,0,0.0,/Users/air/Downloads/GUIDE_AI_3/人工智能训练师_3级_sucai/2.1.4-materials/2.1.4_practice_202608052301.ipynb,M16,完成代码填空,hard,0,1,False
2.1.4,19,0,0.0,/Users/air/Downloads/GUIDE_AI_3/人工智能训练师_3级_sucai/2.1.4-materials/2.1.4_practice_202608052301.ipynb,M17,完成代码填空,hard,0,1,False
2.1.4,19,0,0.0,/Users/air/Downloads/GUIDE_AI_3/人工智能训练师_3级_sucai/2.1.4-materials/2.1.4_practice_202608052301.ipynb,M18,保存结果到文件,medium,0,1,False
2.1.4,19,0,0.0,/Users/air/Downloads/GUIDE_AI_3/人工智能训练师_3级_sucai/2.1.4-materials/2.1.4_practice_202608052301.ipynb,M19,保存结果到文件,medium,0,1,False
2.1.5,16,2,12.5,/Users/air/Downloads/GUIDE_AI_3/人工智能训练师_3级_sucai/2.1.5-materials/2.1.5_practice_20260802_v3.ipynb,M1,加载数据集,medium,0,1,False
2.1.5,16,2,12.5,/Users/air/Downloads/GUIDE_AI_3/人工智能训练师_3级_sucai/2.1.5-materials/2.1.5_practice_20260802_v3.ipynb,M2,完成代码填空,medium,0,1,False
2.1.5,16,2,12.5,/Users/air/Downloads/GUIDE_AI_3/人工智能训练师_3级_sucai/2.1.5-materials/2.1.5_practice_20260802_v3.ipynb,M3,完成代码填空,hard,0,1,False
2.1.5,16,2,12.5,/Users/air/Downloads/GUIDE_AI_3/人工智能训练师_3级_sucai/2.1.5-materials/2.1.5_practice_20260802_v3.ipynb,M4,删除缺失值,medium,0,1,False
2.1.5,16,2,12.5,/Users/air/Downloads/GUIDE_AI_3/人工智能训练师_3级_sucai/2.1.5-materials/2.1.5_practice_20260802_v3.ipynb,M5,完成代码填空,hard,0,1,False
2.1.5,16,2,12.5,/Users/air/Downloads/GUIDE_AI_3/人工智能训练师_3级_sucai/2.1.5-materials/2.1.5_practice_20260802_v3.ipynb,M6,完成代码填空,hard,0,1,False
2.1.5,16,2,12.5,/Users/air/Downloads/GUIDE_AI_3/人工智能训练师_3级_sucai/2.1.5-materials/2.1.5_practice_20260802_v3.ipynb,M7,完成代码填空,medium,0,1,False
2.1.5,16,2,12.5,/Users/air/Downloads/GUIDE_AI_3/人工智能训练师_3级_sucai/2.1.5-materials/2.1.5_practice_20260802_v3.ipynb,M8,完成代码填空,medium,0,1,False
2.1.5,16,2,12.5,/Users/air/Downloads/GUIDE_AI_3/人工智能训练师_3级_sucai/2.1.5-materials/2.1.5_practice_20260802_v3.ipynb,M9,训练模型,medium,0,1,False
2.1.5,16,2,12.5,/Users/air/Downloads/GUIDE_AI_3/人工智能训练师_3级_sucai/2.1.5-materials/2.1.5_practice_20260802_v3.ipynb,M10,训练模型,medium,0,1,False
2.1.5,16,2,12.5,/Users/air/Downloads/GUIDE_AI_3/人工智能训练师_3级_sucai/2.1.5-materials/2.1.5_practice_20260802_v3.ipynb,M11,完成代码填空,medium,0,1,False
2.1.5,16,2,12.5,/Users/air/Downloads/GUIDE_AI_3/人工智能训练师_3级_sucai/2.1.5-materials/2.1.5_practice_20260802_v3.ipynb,M12,划分训练集和测试集,medium,1,1,True
2.1.5,16,2,12.5,/Users/air/Downloads/GUIDE_AI_3/人工智能训练师_3级_sucai/2.1.5-materials/2.1.5_practice_20260802_v3.ipynb,M13,划分训练集和测试集,medium,1,1,True
2.1.5,16,2,12.5,/Users/air/Downloads/GUIDE_AI_3/人工智能训练师_3级_sucai/2.1.5-materials/2.1.5_practice_20260802_v3.ipynb,M14,完成代码填空,medium,0,1,False
2.1.5,16,2,12.5,/Users/air/Downloads/GUIDE_AI_3/人工智能训练师_3级_sucai/2.1.5-materials/2.1.5_practice_20260802_v3.ipynb,M15,保存结果到文件,medium,0,1,False
2.1.5,16,2,12.5,/Users/air/Downloads/GUIDE_AI_3/人工智能训练师_3级_sucai/2.1.5-materials/2.1.5_practice_20260802_v3.ipynb,M16,保存结果到文件,medium,0,1,False
2.2.1,13,7,53.8,/Users/air/Downloads/GUIDE_AI_3/人工智能训练师_3级_sucai/2.2.1-materials/2.2.1_practice_20260802_v1.ipynb,M1,加载数据集,medium,0,1,False
2.2.1,13,7,53.8,/Users/air/Downloads/GUIDE_AI_3/人工智能训练师_3级_sucai/2.2.1-materials/2.2.1_practice_20260802_v1.ipynb,M2,显示数据前几行,medium,0,1,False
2.2.1,13,7,53.8,/Users/air/Downloads/GUIDE_AI_3/人工智能训练师_3级_sucai/2.2.1-materials/2.2.1_practice_20260802_v1.ipynb,M3,划分训练集和测试集,medium,1,1,True
2.2.1,13,7,53.8,/Users/air/Downloads/GUIDE_AI_3/人工智能训练师_3级_sucai/2.2.1-materials/2.2.1_practice_20260802_v1.ipynb,M4,划分训练集和测试集,medium,1,1,True
2.2.1,13,7,53.8,/Users/air/Downloads/GUIDE_AI_3/人工智能训练师_3级_sucai/2.2.1-materials/2.2.1_practice_20260802_v1.ipynb,M5,完成代码填空,easy,1,1,True
2.2.1,13,7,53.8,/Users/air/Downloads/GUIDE_AI_3/人工智能训练师_3级_sucai/2.2.1-materials/2.2.1_practice_20260802_v1.ipynb,M6,训练模型,medium,1,1,True
2.2.1,13,7,53.8,/Users/air/Downloads/GUIDE_AI_3/人工智能训练师_3级_sucai/2.2.1-materials/2.2.1_practice_20260802_v1.ipynb,M7,保存模型,medium,0,1,False
2.2.1,13,7,53.8,/Users/air/Downloads/GUIDE_AI_3/人工智能训练师_3级_sucai/2.2.1-materials/2.2.1_practice_20260802_v1.ipynb,M8,模型预测,medium,0,1,False
2.2.1,13,7,53.8,/Users/air/Downloads/GUIDE_AI_3/人工智能训练师_3级_sucai/2.2.1-materials/2.2.1_practice_20260802_v1.ipynb,M9,完成代码填空,medium,1,1,True
2.2.1,13,7,53.8,/Users/air/Downloads/GUIDE_AI_3/人工智能训练师_3级_sucai/2.2.1-materials/2.2.1_practice_20260802_v1.ipynb,M10,训练模型,medium,0,1,False
2.2.1,13,7,53.8,/Users/air/Downloads/GUIDE_AI_3/人工智能训练师_3级_sucai/2.2.1-materials/2.2.1_practice_20260802_v1.ipynb,M11,训练模型,medium,1,1,True
2.2.1,13,7,53.8,/Users/air/Downloads/GUIDE_AI_3/人工智能训练师_3级_sucai/2.2.1-materials/2.2.1_practice_20260802_v1.ipynb,M12,模型预测,medium,0,1,False
2.2.1,13,7,53.8,/Users/air/Downloads/GUIDE_AI_3/人工智能训练师_3级_sucai/2.2.1-materials/2.2.1_practice_20260802_v1.ipynb,M13,完成代码填空,medium,1,1,True
2.2.2,4,4,100.0,/Users/air/Downloads/GUIDE_AI_3/人工智能训练师_3级_sucai/2.2.2-materials/2.2.2-practice_202608020955.ipynb,M1,正确加载 auto-mpg.csv 数据集,easy,1,1,True
2.2.2,4,4,100.0,/Users/air/Downloads/GUIDE_AI_3/人工智能训练师_3级_sucai/2.2.2-materials/2.2.2-practice_202608020955.ipynb,M7,使用 train_test_split 划分训练集和测试集,medium,1,1,True
2.2.2,4,4,100.0,/Users/air/Downloads/GUIDE_AI_3/人工智能训练师_3级_sucai/2.2.2-materials/2.2.2-practice_202608020955.ipynb,M8,创建包含 StandardScaler 和 LinearRegression 的 Pipeline,hard,1,1,True
2.2.2,4,4,100.0,/Users/air/Downloads/GUIDE_AI_3/人工智能训练师_3级_sucai/2.2.2-materials/2.2.2-practice_202608020955.ipynb,M13,初始化 RandomForestRegressor 模型,medium,1,1,True
2.2.3,23,11,47.8,/Users/air/Downloads/GUIDE_AI_3/人工智能训练师_3级_sucai/2.2.3-materials/2.2.3_practice_202608021035.ipynb,M1,加载数据集,medium,0,1,False
2.2.3,23,11,47.8,/Users/air/Downloads/GUIDE_AI_3/人工智能训练师_3级_sucai/2.2.3-materials/2.2.3_practice_202608021035.ipynb,M2,显示数据前几行,medium,0,1,False
2.2.3,23,11,47.8,/Users/air/Downloads/GUIDE_AI_3/人工智能训练师_3级_sucai/2.2.3-materials/2.2.3_practice_202608021035.ipynb,M3,完成代码填空,medium,0,1,False
2.2.3,23,11,47.8,/Users/air/Downloads/GUIDE_AI_3/人工智能训练师_3级_sucai/2.2.3-materials/2.2.3_practice_202608021035.ipynb,M4,完成代码填空,hard,0,1,False
2.2.3,23,11,47.8,/Users/air/Downloads/GUIDE_AI_3/人工智能训练师_3级_sucai/2.2.3-materials/2.2.3_practice_202608021035.ipynb,M5,划分训练集和测试集,medium,1,1,True
2.2.3,23,11,47.8,/Users/air/Downloads/GUIDE_AI_3/人工智能训练师_3级_sucai/2.2.3-materials/2.2.3_practice_202608021035.ipynb,M6,划分训练集和测试集,medium,1,1,True
2.2.3,23,11,47.8,/Users/air/Downloads/GUIDE_AI_3/人工智能训练师_3级_sucai/2.2.3-materials/2.2.3_practice_202608021035.ipynb,M7,完成代码填空,medium,1,1,True
2.2.3,23,11,47.8,/Users/air/Downloads/GUIDE_AI_3/人工智能训练师_3级_sucai/2.2.3-materials/2.2.3_practice_202608021035.ipynb,M8,完成代码填空,medium,1,1,True
2.2.3,23,11,47.8,/Users/air/Downloads/GUIDE_AI_3/人工智能训练师_3级_sucai/2.2.3-materials/2.2.3_practice_202608021035.ipynb,M9,训练模型,medium,1,1,True
2.2.3,23,11,47.8,/Users/air/Downloads/GUIDE_AI_3/人工智能训练师_3级_sucai/2.2.3-materials/2.2.3_practice_202608021035.ipynb,M10,保存模型,medium,0,1,False
2.2.3,23,11,47.8,/Users/air/Downloads/GUIDE_AI_3/人工智能训练师_3级_sucai/2.2.3-materials/2.2.3_practice_202608021035.ipynb,M11,模型预测,medium,0,1,False
2.2.3,23,11,47.8,/Users/air/Downloads/GUIDE_AI_3/人工智能训练师_3级_sucai/2.2.3-materials/2.2.3_practice_202608021035.ipynb,M12,完成代码填空,medium,0,1,False
2.2.3,23,11,47.8,/Users/air/Downloads/GUIDE_AI_3/人工智能训练师_3级_sucai/2.2.3-materials/2.2.3_practice_202608021035.ipynb,M13,完成代码填空,medium,0,1,False
2.2.3,23,11,47.8,/Users/air/Downloads/GUIDE_AI_3/人工智能训练师_3级_sucai/2.2.3-materials/2.2.3_practice_202608021035.ipynb,M14,完成代码填空,easy,1,1,True
2.2.3,23,11,47.8,/Users/air/Downloads/GUIDE_AI_3/人工智能训练师_3级_sucai/2.2.3-materials/2.2.3_practice_202608021035.ipynb,M15,完成代码填空,easy,1,1,True
2.2.3,23,11,47.8,/Users/air/Downloads/GUIDE_AI_3/人工智能训练师_3级_sucai/2.2.3-materials/2.2.3_practice_202608021035.ipynb,M16,完成代码填空,medium,0,1,False
2.2.3,23,11,47.8,/Users/air/Downloads/GUIDE_AI_3/人工智能训练师_3级_sucai/2.2.3-materials/2.2.3_practice_202608021035.ipynb,M17,完成代码填空,medium,0,1,False
2.2.3,23,11,47.8,/Users/air/Downloads/GUIDE_AI_3/人工智能训练师_3级_sucai/2.2.3-materials/2.2.3_practice_202608021035.ipynb,M18,训练模型,medium,1,1,True
2.2.3,23,11,47.8,/Users/air/Downloads/GUIDE_AI_3/人工智能训练师_3级_sucai/2.2.3-materials/2.2.3_practice_202608021035.ipynb,M19,模型预测,medium,0,1,False
2.2.3,23,11,47.8,/Users/air/Downloads/GUIDE_AI_3/人工智能训练师_3级_sucai/2.2.3-materials/2.2.3_practice_202608021035.ipynb,M20,完成代码填空,hard,1,1,True
2.2.3,23,11,47.8,/Users/air/Downloads/GUIDE_AI_3/人工智能训练师_3级_sucai/2.2.3-materials/2.2.3_practice_202608021035.ipynb,M21,完成代码填空,hard,0,1,False
2.2.3,23,11,47.8,/Users/air/Downloads/GUIDE_AI_3/人工智能训练师_3级_sucai/2.2.3-materials/2.2.3_practice_202608021035.ipynb,M22,完成代码填空,medium,1,1,True
2.2.3,23,11,47.8,/Users/air/Downloads/GUIDE_AI_3/人工智能训练师_3级_sucai/2.2.3-materials/2.2.3_practice_202608021035.ipynb,M23,完成代码填空,medium,1,1,True
2.2.4,24,0,0.0,/Users/air/Downloads/GUIDE_AI_3/人工智能训练师_3级_sucai/2.2.4-materials/2.2.4_practice_202608021121.ipynb,M1,完成代码填空,medium,0,1,False
2.2.4,24,0,0.0,/Users/air/Downloads/GUIDE_AI_3/人工智能训练师_3级_sucai/2.2.4-materials/2.2.4_practice_202608021121.ipynb,M2,显示数据前几行,medium,0,1,False
2.2.4,24,0,0.0,/Users/air/Downloads/GUIDE_AI_3/人工智能训练师_3级_sucai/2.2.4-materials/2.2.4_practice_202608021121.ipynb,M3,完成代码填空,medium,0,1,False
2.2.4,24,0,0.0,/Users/air/Downloads/GUIDE_AI_3/人工智能训练师_3级_sucai/2.2.4-materials/2.2.4_practice_202608021121.ipynb,M4,完成代码填空,medium,0,1,False
2.2.4,24,0,0.0,/Users/air/Downloads/GUIDE_AI_3/人工智能训练师_3级_sucai/2.2.4-materials/2.2.4_practice_202608021121.ipynb,M5,完成代码填空,hard,0,1,False
2.2.4,24,0,0.0,/Users/air/Downloads/GUIDE_AI_3/人工智能训练师_3级_sucai/2.2.4-materials/2.2.4_practice_202608021121.ipynb,M6,完成代码填空,hard,0,1,False
2.2.4,24,0,0.0,/Users/air/Downloads/GUIDE_AI_3/人工智能训练师_3级_sucai/2.2.4-materials/2.2.4_practice_202608021121.ipynb,M7,完成代码填空,hard,0,1,False
2.2.4,24,0,0.0,/Users/air/Downloads/GUIDE_AI_3/人工智能训练师_3级_sucai/2.2.4-materials/2.2.4_practice_202608021121.ipynb,M8,完成代码填空,easy,0,1,False
2.2.4,24,0,0.0,/Users/air/Downloads/GUIDE_AI_3/人工智能训练师_3级_sucai/2.2.4-materials/2.2.4_practice_202608021121.ipynb,M9,划分训练集和测试集,medium,0,1,False
2.2.4,24,0,0.0,/Users/air/Downloads/GUIDE_AI_3/人工智能训练师_3级_sucai/2.2.4-materials/2.2.4_practice_202608021121.ipynb,M10,划分训练集和测试集,medium,0,1,False
2.2.4,24,0,0.0,/Users/air/Downloads/GUIDE_AI_3/人工智能训练师_3级_sucai/2.2.4-materials/2.2.4_practice_202608021121.ipynb,M11,完成代码填空,easy,0,1,False
2.2.4,24,0,0.0,/Users/air/Downloads/GUIDE_AI_3/人工智能训练师_3级_sucai/2.2.4-materials/2.2.4_practice_202608021121.ipynb,M12,训练模型,medium,0,1,False
2.2.4,24,0,0.0,/Users/air/Downloads/GUIDE_AI_3/人工智能训练师_3级_sucai/2.2.4-materials/2.2.4_practice_202608021121.ipynb,M13,完成代码填空,medium,0,1,False
2.2.4,24,0,0.0,/Users/air/Downloads/GUIDE_AI_3/人工智能训练师_3级_sucai/2.2.4-materials/2.2.4_practice_202608021121.ipynb,M14,模型预测,medium,0,1,False
2.2.4,24,0,0.0,/Users/air/Downloads/GUIDE_AI_3/人工智能训练师_3级_sucai/2.2.4-materials/2.2.4_practice_202608021121.ipynb,M15,保存结果到文件,medium,0,1,False
2.2.4,24,0,0.0,/Users/air/Downloads/GUIDE_AI_3/人工智能训练师_3级_sucai/2.2.4-materials/2.2.4_practice_202608021121.ipynb,M16,保存结果到文件,medium,0,1,False
2.2.4,24,0,0.0,/Users/air/Downloads/GUIDE_AI_3/人工智能训练师_3级_sucai/2.2.4-materials/2.2.4_practice_202608021121.ipynb,M17,完成代码填空,medium,0,1,False
2.2.4,24,0,0.0,/Users/air/Downloads/GUIDE_AI_3/人工智能训练师_3级_sucai/2.2.4-materials/2.2.4_practice_202608021121.ipynb,M18,完成代码填空,medium,0,1,False
2.2.4,24,0,0.0,/Users/air/Downloads/GUIDE_AI_3/人工智能训练师_3级_sucai/2.2.4-materials/2.2.4_practice_202608021121.ipynb,M19,完成代码填空,hard,0,1,False
2.2.4,24,0,0.0,/Users/air/Downloads/GUIDE_AI_3/人工智能训练师_3级_sucai/2.2.4-materials/2.2.4_practice_202608021121.ipynb,M20,完成代码填空,hard,0,1,False
2.2.4,24,0,0.0,/Users/air/Downloads/GUIDE_AI_3/人工智能训练师_3级_sucai/2.2.4-materials/2.2.4_practice_202608021121.ipynb,M21,训练模型,medium,0,1,False
2.2.4,24,0,0.0,/Users/air/Downloads/GUIDE_AI_3/人工智能训练师_3级_sucai/2.2.4-materials/2.2.4_practice_202608021121.ipynb,M22,模型预测,medium,0,1,False
2.2.4,24,0,0.0,/Users/air/Downloads/GUIDE_AI_3/人工智能训练师_3级_sucai/2.2.4-materials/2.2.4_practice_202608021121.ipynb,M23,完成代码填空,medium,0,1,False
2.2.4,24,0,0.0,/Users/air/Downloads/GUIDE_AI_3/人工智能训练师_3级_sucai/2.2.4-materials/2.2.4_practice_202608021121.ipynb,M24,完成代码填空,medium,0,1,False
2.2.5,17,1,5.9,/Users/air/Downloads/GUIDE_AI_3/人工智能训练师_3级_sucai/2.2.5-materials/2.2.5_practice_202608021154.ipynb,M1,加载数据集,medium,0,1,False
2.2.5,17,1,5.9,/Users/air/Downloads/GUIDE_AI_3/人工智能训练师_3级_sucai/2.2.5-materials/2.2.5_practice_202608021154.ipynb,M2,显示数据前几行,medium,0,1,False
2.2.5,17,1,5.9,/Users/air/Downloads/GUIDE_AI_3/人工智能训练师_3级_sucai/2.2.5-materials/2.2.5_practice_202608021154.ipynb,M3,完成代码填空,medium,0,1,False
2.2.5,17,1,5.9,/Users/air/Downloads/GUIDE_AI_3/人工智能训练师_3级_sucai/2.2.5-materials/2.2.5_practice_202608021154.ipynb,M4,完成代码填空,easy,0,1,False
2.2.5,17,1,5.9,/Users/air/Downloads/GUIDE_AI_3/人工智能训练师_3级_sucai/2.2.5-materials/2.2.5_practice_202608021154.ipynb,M5,划分训练集和测试集,medium,0,1,False
2.2.5,17,1,5.9,/Users/air/Downloads/GUIDE_AI_3/人工智能训练师_3级_sucai/2.2.5-materials/2.2.5_practice_202608021154.ipynb,M6,划分训练集和测试集,medium,0,1,False
2.2.5,17,1,5.9,/Users/air/Downloads/GUIDE_AI_3/人工智能训练师_3级_sucai/2.2.5-materials/2.2.5_practice_202608021154.ipynb,M7,完成代码填空,medium,0,1,False
2.2.5,17,1,5.9,/Users/air/Downloads/GUIDE_AI_3/人工智能训练师_3级_sucai/2.2.5-materials/2.2.5_practice_202608021154.ipynb,M8,完成代码填空,medium,0,1,False
2.2.5,17,1,5.9,/Users/air/Downloads/GUIDE_AI_3/人工智能训练师_3级_sucai/2.2.5-materials/2.2.5_practice_202608021154.ipynb,M9,训练模型,medium,0,1,False
2.2.5,17,1,5.9,/Users/air/Downloads/GUIDE_AI_3/人工智能训练师_3级_sucai/2.2.5-materials/2.2.5_practice_202608021154.ipynb,M10,保存模型,medium,0,1,False
2.2.5,17,1,5.9,/Users/air/Downloads/GUIDE_AI_3/人工智能训练师_3级_sucai/2.2.5-materials/2.2.5_practice_202608021154.ipynb,M11,模型预测,medium,0,1,False
2.2.5,17,1,5.9,/Users/air/Downloads/GUIDE_AI_3/人工智能训练师_3级_sucai/2.2.5-materials/2.2.5_practice_202608021154.ipynb,M12,保存结果到文件,medium,0,1,False
2.2.5,17,1,5.9,/Users/air/Downloads/GUIDE_AI_3/人工智能训练师_3级_sucai/2.2.5-materials/2.2.5_practice_202608021154.ipynb,M13,保存结果到文件,medium,0,1,False
2.2.5,17,1,5.9,/Users/air/Downloads/GUIDE_AI_3/人工智能训练师_3级_sucai/2.2.5-materials/2.2.5_practice_202608021154.ipynb,M14,完成代码填空,easy,1,1,True
2.2.5,17,1,5.9,/Users/air/Downloads/GUIDE_AI_3/人工智能训练师_3级_sucai/2.2.5-materials/2.2.5_practice_202608021154.ipynb,M15,完成代码填空,medium,0,1,False
2.2.5,17,1,5.9,/Users/air/Downloads/GUIDE_AI_3/人工智能训练师_3级_sucai/2.2.5-materials/2.2.5_practice_202608021154.ipynb,M16,完成代码填空,medium,0,1,False
2.2.5,17,1,5.9,/Users/air/Downloads/GUIDE_AI_3/人工智能训练师_3级_sucai/2.2.5-materials/2.2.5_practice_202608021154.ipynb,M17,完成代码填空,medium,0,1,False
3.2.1,16,4,25.0,/Users/air/Downloads/GUIDE_AI_3/人工智能训练师_3级_sucai/3.2.1-materials/3.2.1_practice_202608021542.ipynb,M1,模型加载,medium,0,2,False
3.2.1,16,4,25.0,/Users/air/Downloads/GUIDE_AI_3/人工智能训练师_3级_sucai/3.2.1-materials/3.2.1_practice_202608021542.ipynb,M2,加载图片,hard,0,2,False
3.2.1,16,4,25.0,/Users/air/Downloads/GUIDE_AI_3/人工智能训练师_3级_sucai/3.2.1-materials/3.2.1_practice_202608021542.ipynb,M3,预处理图片,easy,2,2,True
3.2.1,16,4,25.0,/Users/air/Downloads/GUIDE_AI_3/人工智能训练师_3级_sucai/3.2.1-materials/3.2.1_practice_202608021542.ipynb,M4,进行图片识别,medium,2,2,True
3.2.1,16,4,25.0,/Users/air/Downloads/GUIDE_AI_3/人工智能训练师_3级_sucai/3.2.1-materials/3.2.1_practice_202608021542.ipynb,M5,应用 softmax 函数获取概率,medium,0,2,False
3.2.1,16,4,25.0,/Users/air/Downloads/GUIDE_AI_3/人工智能训练师_3级_sucai/3.2.1-materials/3.2.1_practice_202608021542.ipynb,M6,获取最高的5个概率和对应的类别索引,medium,0,3,False
3.2.1,16,4,25.0,/Users/air/Downloads/GUIDE_AI_3/人工智能训练师_3级_sucai/3.2.1-materials/3.2.1_practice_202608021542.ipynb,M7,获取最高的5个概率和对应的类别索引,easy,0,3,False
3.2.5,17,0,0.0,/Users/air/Downloads/GUIDE_AI_3/人工智能训练师_3级_sucai/3.2.5-materials/3.2.5_practice_20260802.ipynb,M1,从标签文件中读取每一行，并去除行首尾的空白字符，得到类别名称列表,hard,0,2,False
3.2.5,17,0,0.0,/Users/air/Downloads/GUIDE_AI_3/人工智能训练师_3级_sucai/3.2.5-materials/3.2.5_practice_20260802.ipynb,M2,创建 ONNX Runtime 的推理会话，用于运行模型进行推理,medium,0,2,False
3.2.5,17,0,0.0,/Users/air/Downloads/GUIDE_AI_3/人工智能训练师_3级_sucai/3.2.5-materials/3.2.5_practice_20260802.ipynb,M3,获取模型输入的名称,medium,0,2,False
3.2.5,17,0,0.0,/Users/air/Downloads/GUIDE_AI_3/人工智能训练师_3级_sucai/3.2.5-materials/3.2.5_practice_20260802.ipynb,M4,如果保存结果的目录不存在，则创建该目录,medium,0,2,False
3.2.5,17,0,0.0,/Users/air/Downloads/GUIDE_AI_3/人工智能训练师_3级_sucai/3.2.5-materials/3.2.5_practice_20260802.ipynb,M5,使用 OpenCV 读取图像文件,medium,0,2,False
3.2.5,17,0,0.0,/Users/air/Downloads/GUIDE_AI_3/人工智能训练师_3级_sucai/3.2.5-materials/3.2.5_practice_20260802.ipynb,M6,将图像调整为 320x240 的尺寸（符合模型输入的尺寸要求）,hard,0,1,False
3.2.5,17,0,0.0,/Users/air/Downloads/GUIDE_AI_3/人工智能训练师_3级_sucai/3.2.5-materials/3.2.5_practice_20260802.ipynb,M7,将图像调整为 320x240 的尺寸（符合模型输入的尺寸要求）,hard,0,1,False
3.2.5,17,0,0.0,/Users/air/Downloads/GUIDE_AI_3/人工智能训练师_3级_sucai/3.2.5-materials/3.2.5_practice_20260802.ipynb,M8,定义图像归一化的均值数组,medium,0,2,False
3.2.5,17,0,0.0,/Users/air/Downloads/GUIDE_AI_3/人工智能训练师_3级_sucai/3.2.5-materials/3.2.5_practice_20260802.ipynb,M9,在第一个维度上扩展一个维度，将图像变为 (1, 通道数, 高度, 宽度)，以符合模型输入的维度要求,medium,0,1,False
3.2.5,17,0,0.0,/Users/air/Downloads/GUIDE_AI_3/人工智能训练师_3级_sucai/3.2.5-materials/3.2.5_practice_20260802.ipynb,M10,使用 ONNX Runtime 运行模型，输入图像数据，得到模型输出的置信度和边界框,medium,0,2,False