正面;背面;标签
【1.2.1】顾客评价情感识别业务模块效果优化-1：列举用户反映最强烈的2-3个问题，并解释原因和影响;【问题1】情感识别准确性不高
- 原因：算法精度不足，数据质量差，正面评价可能被标记为负面
- 影响：商家对服务质量认知偏差，削弱用户信任度

【问题2】响应速度慢
- 原因：处理大量数据时系统响应时间过长
- 影响：用户感到沮丧，降低工作效率，可能转向其他平台;1.2::文档题::业务优化
【1.2.1】顾客评价情感识别业务模块效果优化-2：设计优化方案，包括实施步骤和预期效果;【实施步骤】
1. 提升模型准确性：数据清洗与增强（GANs扩增数据集），引入预训练语言模型（BERT迁移学习）
2. 加速处理速度：硬件升级，采用分布式计算框架（Apache Spark）
3. 改善用户界面：简化操作流程，可视化展示（图表、仪表盘）
4. 添加定制化服务：自定义规则设置，个性化报告生成

【预期效果】
- 准确性显著提升，减少误判
- 响应速度加快，满足即时查询
- 用户体验改善，满意度和粘性提升;1.2::文档题::业务优化
【1.2.2】老年人健康监测与管理服务业务模块效果优化-1：列举用户反映最强烈的2-3个问题，并解释原因和影响;【问题1】健康监测数据准确性不高
- 原因：传感器精度限制，算法对异常数据处理能力不足
- 影响：老年人健康状态误判，延误治疗时机

【问题2】异常预警响应速度慢
- 原因：数据处理流程复杂，预警机制不够灵敏
- 影响：突发健康事件无法及时处理，危及生命安全;1.2::文档题::业务优化
【1.2.2】老年人健康监测与管理服务业务模块效果优化-2：设计优化方案，包括实施步骤和预期效果;【实施步骤】
1. 提高数据准确性：升级高精度传感器，优化异常检测算法
2. 加快预警响应：引入实时流处理框架，优化预警触发机制
3. 优化用户界面：大字体/语音播报，简化操作流程

【预期效果】
- 监测数据准确率提升至98%以上
- 预警响应时间缩短至秒级
- 老年人使用体验大幅改善，家人更放心;1.2::文档题::业务优化
【1.2.3】智慧金融服务业务模块效果优化-1：列举用户反映最强烈的2-3个问题，并解释原因和影响;【问题1】风险评估准确性不高
- 原因：模型训练数据不全面，忽略了部分风险因素
- 影响：用户面临潜在的财务风险，降低对平台的信任

【问题2】预警信息响应不及时
- 原因：数据处理链路长，推送机制不够高效
- 影响：用户错过最佳应对时机，造成财务损失;1.2::文档题::业务优化
【1.2.3】智慧金融服务业务模块效果优化-2：设计优化方案，包括实施步骤和预期效果;【实施步骤】
1. 提升准确性：引入多源数据，丰富特征工程，采用集成学习提升模型效果
2. 加快预警推送：建立实时数据处理管道，优化消息推送机制
3. 改善界面体验：简化操作流程，提供可视化财务分析仪表盘

【预期效果】
- 风险评估准确率显著提升
- 预警信息推送延迟降低至秒级
- 用户体验提升，平台粘性增强;1.2::文档题::业务优化
【1.2.4】智能卖点生成系统业务模块效果优化-1：列举用户反映最强烈的2-3个问题，并解释原因和影响;【问题1】卖点生成不准确
- 原因：算法对产品特征理解不足，缺乏领域知识
- 影响：生成的卖点与实际产品不符，误导消费者

【问题2】缺乏个性化
- 原因：未考虑不同用户群体的偏好差异
- 影响：卖点千篇一律，无法精准触达目标用户;1.2::文档题::业务优化
【1.2.4】智能卖点生成系统业务模块效果优化-2：设计优化方案，包括实施步骤和预期效果;【实施步骤】
1. 提升准确性：引入领域知识图谱，优化产品特征提取算法
2. 实现个性化：构建用户画像，基于用户历史行为推荐个性化卖点
3. 优化生成速度：采用轻量化模型，提升推理效率

【预期效果】
- 卖点生成的准确性和相关性显著提升
- 个性化推荐使用户转化率提高
- 系统响应速度明显加快，用户体验改善;1.2::文档题::业务优化
【1.2.5】腾讯云智能数智人系统业务模块效果优化-1：列举用户反映最强烈的2-3个问题，并解释原因和影响;【问题1】响应内容不准确
- 原因：自然语言理解模型精度不足，对复杂问题理解能力有限
- 影响：用户得到错误答案，信任度受损

【问题2】缺乏个性化交互
- 原因：系统未记录用户偏好和历史交互信息
- 影响：交互体验生硬，缺乏情感连接，用户粘性低;1.2::文档题::业务优化
【1.2.5】腾讯云智能数智人系统业务模块效果优化-2：设计优化方案，包括实施步骤和预期效果;【实施步骤】
1. 提升理解能力：引入大语言模型微调，优化NLU模块
2. 实现个性化：建立用户记忆模块，记录偏好和历史交互，提供定制化服务
3. 优化交互体验：丰富表情动作库，让数智人更自然生动

【预期效果】
- 意图识别准确率显著提升
- 个性化交互增强用户粘性
- 交互体验更自然，用户满意度提升;1.2::文档题::业务优化
【3.1.1】智能音箱产品的数据分析与优化-1：分析用户使用习惯、功能频率和响应时间;【分析报告】
- 最常被使用功能：调整音量、查询新闻、查天气
- 最受欢迎功能：调整音量
- 较少使用功能：播放音乐、控制家居
- 响应时长功能：控制家居（最长）、查询知识（适中）、查询新闻（最短）;3.1::文档题::数据分析
【3.1.1】智能音箱产品的数据分析与优化-2：给出3个优化方向和对应解决方案;【优化方向1】网络连接与设备交互优化
→ 强化网络稳定性，采用更高效通信协议，减少控制家居响应时间

【优化方向2】提升信息检索效率
→ 优化查询知识检索算法，加快数据处理速度

【优化方向3】用户界面与语音识别优化
→ 提升语音识别准确率，简化界面设计，确保快速准确调用功能;3.1::文档题::数据分析
【3.1.2】智能照明系统的数据分析与优化-1：分析光线亮度、色温、场景使用频率和响应时间;【分析报告】
- 光线亮度：06-12时最高(51.74)，18-24时最低(48.06)
- 色温：12-18时最高(3732K)，18-24时最低(3661K)
- 场景频率：Relax Mode最频繁，Sleep Mode较少
- 响应时间：平均1.06秒，延迟瓶颈为网络延迟和系统处理能力;3.1::文档题::数据分析
【3.1.2】智能照明系统的数据分析与优化-2：给出3个优化方向和对应解决方案;【优化方向1】提高系统处理能力
→ 优化算法减少计算步骤，升级硬件性能，常用场景预加载

【优化方向2】提供个性化用户服务
→ 机器学习分析用户行为模式，增加自定义场景和偏好设置

【优化方向3】增强系统可靠性和安全性
→ 增加冗余设计，定期安全检查，确保系统稳定运行;3.1::文档题::数据分析
【3.1.3】智能健康手环的数据分析与优化-1：分析步数、同步延迟和功能使用频率;【分析报告】
- 步数分布：6-8点早高峰，18-20点晚高峰
- 同步延迟：平均延迟约3.5秒，高峰时段可达5秒以上
- 功能频率：步数计数最频繁，心率监测中等，睡眠分析较少;3.1::文档题::数据分析
【3.1.3】智能健康手环的数据分析与优化-2：给出3个优化方向和对应解决方案;【优化方向1】降低同步延迟
→ 优化蓝牙传输协议，采用增量同步机制，减少数据传输量

【优化方向2】提升数据准确性
→ 优化步数检测算法，引入AI滤波去除噪声数据

【优化方向3】增加个性化健康建议
→ 基于用户健康数据，提供定制化运动计划和健康提醒;3.1::文档题::数据分析
【3.1.4】智能健康监测系统的数据分析与优化-1：分析血压、血糖、体脂等健康指标;【分析报告】
- 血压分布：收缩压均值125mmHg，舒张压均值82mmHg
- 血糖趋势：餐后1小时达到峰值，空腹最低
- 体脂率：男性均值22%，女性均值28%
- 异常比例：约占总监测数据的5%需要关注;3.1::文档题::数据分析
【3.1.4】智能健康监测系统的数据分析与优化-2：给出3个优化方向和对应解决方案;【优化方向1】提升异常检测准确率
→ 引入深度学习模型，结合多维度指标进行综合判断

【优化方向2】优化数据采集频率
→ 根据用户健康状态动态调整采集频率，节省电量

【优化方向3】增加健康预警和干预建议
→ 建立预警阈值体系，提供个性化的健康改善建议;3.1::文档题::数据分析
【3.1.5】智能家居环境控制系统的数据分析与优化-1：分析温度、湿度、能耗数据;【分析报告】
- 温度分布：客厅均值24.5℃，卧室均值22.3℃，厨房均值26.8℃
- 湿度分布：客厅均值55%，卧室均值60%，厨房均值50%
- 能耗分析：空调系统能耗占比最高，照明系统次之
- 使用高峰：18-22时能耗最高，2-5时能耗最低;3.1::文档题::数据分析
【3.1.5】智能家居环境控制系统的数据分析与优化-2：给出3个优化方向和对应解决方案;【优化方向1】智能节能控制
→ 基于传感器数据自动调节空调/照明，利用峰谷电价策略优化能耗

【优化方向2】提升环境舒适度
→ 学习用户习惯，预调节室内环境，实现个性化舒适体验

【优化方向3】增强系统联动能力
→ 建立设备间联动规则（如温度过高自动关窗拉帘），提升整体智能体验;3.1::文档题::数据分析
【4.1.1】Label Studio培训大纲编写-引言;【引言】学习目标：了解数据标注的重要性和应用场景
内容：介绍人工智能在康复训练中的应用，数据标注在个性化康复训练计划中的作用;4.1::文档题::培训大纲
【4.1.1】Label Studio培训大纲编写-数据标注基础理论;【数据标注基础理论】学习目标：理解数据标注的概念及其在不同类型数据中的应用
内容：什么是数据标注？数据标注的类型（文本、图像、视频、音频）；数据标注在AI中的作用;4.1::文档题::培训大纲
【4.1.1】Label Studio培训大纲编写-Label Studio简介与安装;【Label Studio简介与安装】学习目标：掌握安装配置方法及基本操作
内容：Label Studio简介及应用场景；安装与配置；界面介绍和基本操作;4.1::文档题::培训大纲
【4.1.1】Label Studio培训大纲编写-文本数据标注;【文本数据标注】学习目标：学会使用Label Studio进行文本标注
内容：文本标注类型（命名实体识别、情感分析等）；功能演示；实践操作：标注一个文本数据集;4.1::文档题::培训大纲
【4.1.1】Label Studio培训大纲编写-图像数据标注;【图像数据标注】学习目标：掌握使用Label Studio进行图像标注
内容：图像标注类型（分类、目标检测、图像分割等）；功能演示；实践操作：标注一个图像数据集;4.1::文档题::培训大纲
【4.1.1】Label Studio培训大纲编写-视频数据标注;【视频数据标注】学习目标：运用Label Studio完成视频标注
内容：视频标注类型（动作识别、事件检测等）；功能演示；实践操作：标注一个视频数据集;4.1::文档题::培训大纲
【4.1.1】Label Studio培训大纲编写-音频数据标注;【音频数据标注】学习目标：掌握音频数据标注的方法
内容：音频标注类型（语音识别、情感分析等）；功能演示；实践操作：标注一个音频数据集;4.1::文档题::培训大纲
【4.1.2】爬虫培训大纲编写-引言;【引言】学习目标：了解网页爬虫的重要性和应用场景
内容：介绍人工智能在金融数据采集中的应用，网页爬虫在获取上市公司财务报告中的作用;4.1::文档题::培训大纲
【4.1.2】爬虫培训大纲编写-网页爬虫基础理论;【网页爬虫基础理论】学习目标：理解网页爬虫的概念、工作流程及基本结构
内容：什么是网页爬虫？工作流程和基本结构；机器人协议（robots.txt）的作用;4.1::文档题::培训大纲
【4.1.2】爬虫培训大纲编写-常用网页爬虫工具简介;【常用网页爬虫工具简介】学习目标：熟悉常用工具的基本功能及适用场景
内容：BeautifulSoup（解析HTML/XML）；Scrapy（快速高效爬虫框架）；Selenium（模拟浏览器，处理动态网页）;4.1::文档题::培训大纲
【4.1.2】爬虫培训大纲编写-环境搭建与工具安装;【环境搭建与工具安装】学习目标：掌握爬虫工具的安装和环境配置
内容：安装Python和pip；安装配置BeautifulSoup、Scrapy、Selenium;4.1::文档题::培训大纲
【4.1.2】爬虫培训大纲编写-网页数据解析;【网页数据解析】学习目标：学会使用网页数据解析的方法与技术
内容：使用BeautifulSoup进行HTML解析；使用XPath和CSS选择器提取数据；实践操作：解析一个简单网页;4.1::文档题::培训大纲
【4.1.2】爬虫培训大纲编写-动态网页处理;【动态网页处理】学习目标：掌握处理动态网页的方法
内容：使用Selenium模拟浏览器操作；处理动态加载数据（Ajax请求）；实践操作：爬取动态加载网页;4.1::文档题::培训大纲
【4.1.2】爬虫培训大纲编写-Scrapy框架实战;【Scrapy框架实战】学习目标：创建并配置Scrapy项目并综合运用
内容：Scrapy项目的创建和配置；编写爬虫脚本，设置抓取规则；数据存储与导出（CSV、JSON等）；实践操作：构建爬虫项目获取上市公司财务报告;4.1::文档题::培训大纲
【4.1.3】数据清洗工具培训大纲编写-引言;【引言】学习目标：了解数据清洗的重要性和应用场景
内容：介绍数据清洗在AI项目中的作用，以及如何通过提高数据质量来改善模型性能;4.1::文档题::培训大纲
【4.1.3】数据清洗工具培训大纲编写-数据清洗基础理论;【数据清洗基础理论】学习目标：理解数据清洗的概念和常见问题
内容：什么是数据清洗？常见数据问题（缺失值、重复值、异常值、不一致数据）；数据清洗在数据分析中的重要性;4.1::文档题::培训大纲
【4.1.3】数据清洗工具培训大纲编写-数据清洗工具概述;【数据清洗工具概述】学习目标：熟悉常用数据清洗工具
内容：Excel（基础清洗功能）；OpenRefine（专业清洗工具）；Python Pandas（编程清洗）;4.1::文档题::培训大纲
【4.1.3】数据清洗工具培训大纲编写-环境搭建;【环境搭建】学习目标：掌握数据清洗工具的环境配置
内容：安装Python和Pandas库；配置OpenRefine环境；熟悉Excel数据清洗功能;4.1::文档题::培训大纲
【4.1.3】数据清洗工具培训大纲编写-数据清洗实践;【数据清洗实践】学习目标：掌握数据清洗的具体操作
内容：处理缺失值（删除、填充、插值）；处理重复值（识别、删除）；处理异常值（统计方法、业务规则）;4.1::文档题::培训大纲
【4.1.3】数据清洗工具培训大纲编写-数据清洗流程规范;【数据清洗流程规范】学习目标：建立标准化的数据清洗流程
内容：数据质量评估方法；清洗规则制定；清洗结果验证；实践操作：完整的数据清洗项目;4.1::文档题::培训大纲
【4.1.3】数据清洗工具培训大纲编写-综合实战;【综合实战】学习目标：综合运用所学知识完成数据清洗项目
内容：从数据加载到清洗完成的全流程实践；编写数据清洗报告；总结常见问题及解决方案;4.1::文档题::培训大纲
【4.1.4】Pandas数据清洗培训大纲编写-引言;【引言】学习目标：了解Pandas在数据清洗中的重要性和应用场景
内容：介绍Pandas库在Python数据处理中的核心地位，掌握Pandas进行数据清洗的基本方法;4.1::文档题::培训大纲
【4.1.4】Pandas数据清洗培训大纲编写-Pandas基础;【Pandas基础】学习目标：掌握Pandas的基本数据结构
内容：Series和DataFrame的创建与操作；数据导入导出（read_csv、read_excel等）；数据查看和基本信息获取;4.1::文档题::培训大纲
【4.1.4】Pandas数据清洗培训大纲编写-缺失值处理;【缺失值处理】学习目标：掌握使用Pandas处理缺失值的方法
内容：检测缺失值（isnull、isna）；删除缺失值（dropna）；填充缺失值（fillna：前向填充、后向填充、均值填充等）;4.1::文档题::培训大纲
【4.1.4】Pandas数据清洗培训大纲编写-重复值和异常值处理;【重复值和异常值处理】学习目标：掌握重复值和异常值的处理方法
内容：检测和删除重复值（duplicated、drop_duplicates）；检测异常值（describe、箱线图、Z-score方法）；处理异常值（替换、删除、转换）;4.1::文档题::培训大纲
【4.1.4】Pandas数据清洗培训大纲编写-数据类型转换和规范化;【数据类型转换和规范化】学习目标：掌握数据类型转换和数据规范化方法
内容：数据类型转换（astype、to_numeric、to_datetime）；数据规范化（标准化、归一化）；分类变量处理（get_dummies、LabelEncoder）;4.1::文档题::培训大纲
【4.1.4】Pandas数据清洗培训大纲编写-综合实战;【综合实战】学习目标：综合运用Pandas完成完整的数据清洗流程
内容：从数据加载、清洗到保存的全流程实践；编写数据清洗报告；总结清洗效果和数据质量提升;4.1::文档题::培训大纲
【4.1.5】Python数据可视化培训大纲编写-引言;【引言】学习目标：了解数据可视化的重要性和应用场景
内容：介绍数据可视化在数据分析和报告中的作用，常用Python可视化库概述;4.1::文档题::培训大纲
【4.1.5】Python数据可视化培训大纲编写-数据可视化基础理论;【数据可视化基础理论】学习目标：理解数据可视化的基本原则
内容：数据可视化的概念和作用；图表类型选择（柱状图、折线图、散点图、饼图等）；可视化设计原则（简洁、清晰、准确）;4.1::文档题::培训大纲
【4.1.5】Python数据可视化培训大纲编写-Matplotlib基础;【Matplotlib基础】学习目标：掌握Matplotlib的基本使用方法
内容：Matplotlib库简介；基本图表绘制（折线图、柱状图、散点图）；图表定制（标题、标签、图例、颜色、样式）;4.1::文档题::培训大纲
【4.1.5】Python数据可视化培训大纲编写-Seaborn高级可视化;【Seaborn高级可视化】学习目标：掌握Seaborn的高级统计可视化方法
内容：Seaborn库简介和优势；统计图表（箱线图、小提琴图、热力图、配对图）；主题和样式设置;4.1::文档题::培训大纲
【4.1.5】Python数据可视化培训大纲编写-交互式可视化;【交互式可视化】学习目标：了解交互式可视化工具的使用
内容：Plotly库简介；交互式图表创建；仪表板设计；实践操作：创建交互式数据仪表板;4.1::文档题::培训大纲
【4.1.5】Python数据可视化培训大纲编写-综合实战;【综合实战】学习目标：综合运用所学知识完成数据可视化项目
内容：从数据加载到可视化呈现的全流程实践；结合Pandas进行数据清洗和可视化；生成数据可视化报告;4.1::文档题::培训大纲
【4.2.1】智能零售分析系统数据采集和处理指导方案-1：数据源确定;【数据源确定】
- 销售点（POS）数据：从收银系统获取交易记录（商品种类、数量、价格、购买时间）
- 顾客信息：会员卡使用数据（会员基本信息、消费记录、积分兑换）
- 库存管理系统：实时库存量、入库和出库记录
- 顾客反馈：在线评价、投诉和建议
- 外部数据：天气预报、节假日信息、竞争对手价格数据;4.2::文档题::数据采集方案
【4.2.1】智能零售分析系统数据采集和处理指导方案-2：数据采集方法与预处理;【数据采集方法】
- API接口：与内部系统（POS、CRM）和外部数据商建立API连接
- 传感器和物联网：货架RFID标签和重量传感器，监测商品存量
- 社交媒体监听：通过API监听品牌相关公众讨论和评价
- 顾客调查：定期发送电子问卷

【数据预处理】
- 清洗：去除重复、错误或无关的数据项
- 标准化：统一数据格式（日期、时间表示方式）
- 整合：合并不同来源数据到单一数据库;4.2::文档题::数据采集方案
【4.2.1】智能零售分析系统数据采集和处理指导方案-3：数据安全与存储分析应用;【数据安全与合规】
- 加密传输：确保数据传输安全
- 访问控制：限制敏感数据访问权限
- 匿名化处理：对个人信息去标识化，遵守GDPR

【数据存储与管理】
- 云存储：选择可靠云服务商（AWS、Azure）
- 备份与恢复：定期备份，测试恢复流程

【数据分析与应用】
- 建模：使用机器学习算法预测销售趋势、顾客偏好和库存需求
- 可视化：开发仪表板展示关键指标
- 报告：定期生成销售、库存和顾客满意度报告
- 最终目标：提升业务效率和顾客满意度;4.2::文档题::数据采集方案
【4.2.2】AI辅助医疗影像诊断系统数据采集和处理指导方案-1：数据采集方案;【数据采集方案】
1. 医学影像获取：使用高分辨率医疗设备，涵盖多种疾病类型和人群
2. 患者信息收集：在符合HIPAA等隐私法规前提下，收集病史、年龄、性别等
3. 医学影像数据标注：邀请经验丰富的医生标注病灶位置、类型、大小等
4. 数据脱敏处理：确保患者隐私安全;4.2::文档题::数据采集方案
【4.2.2】AI辅助医疗影像诊断系统数据采集和处理指导方案-2：数据处理与安全;【数据处理方案】
1. 数据清洗与预处理：去除重复值、填补缺失值、删除异常值
2. 模型训练与验证：选择合适的深度学习模型，验证其性能
3. 模型测试与优化：使用测试集进行测试并优化
4. 系统集成与部署：集成到医疗影像诊断系统，部署在医院服务器

【数据安全与隐私保护】
- 所有数据传输和存储过程加密
- 遵守HIPAA等隐私法规
- 使用差分隐私等数据脱敏技术

【系统优化与升级】
- 定期收集反馈，评估性能
- 更新训练数据集，提高模型诊断的泛化能力
- 跟踪AI技术最新进展，引入更先进算法;4.2::文档题::数据采集方案
【4.2.3】AI智能安防监控系统数据采集和处理指导方案-1：数据源确定与采集;【数据源确定】
- 视频监控摄像头：公共场所、交通路口、商场等区域的实时视频流
- 传感器数据：红外探测、门磁报警、烟雾传感器等
- 人脸识别数据：进出人员的人脸图像和身份信息
- 车辆识别数据：车牌号、车型、颜色、通过时间

【数据采集方法】
- 视频流实时采集：通过RTSP/RTMP协议获取摄像头视频流
- 传感器数据采集：通过物联网网关汇聚传感器数据
- 人脸/车辆识别终端：边缘设备预处理后上传结构化数据;4.2::文档题::数据采集方案
【4.2.3】AI智能安防监控系统数据采集和处理指导方案-2：预处理与安全存储;【数据预处理】
1. 视频帧提取：按需提取关键帧，减少存储压力
2. 图像增强：低光照、雾霾等场景下的图像增强处理
3. 去重过滤：去除重复报警和无效数据
4. 数据标注：标注异常事件（入侵、火灾、交通事故等）

【数据安全与合规】
- 视频数据加密存储，设置访问权限
- 人脸信息脱敏处理，遵守个人信息保护法
- 日志审计，记录所有数据访问行为

【数据存储与管理】
- 冷热数据分层存储：近期数据高速存储，历史数据归档
- 视频数据定期清理，设置保留周期;4.2::文档题::数据采集方案
【4.2.4】自动驾驶汽车感知系统数据采集和处理指导方案-1：数据源与采集;【数据源确定】
- 摄像头数据：前视/环视摄像头采集道路、车辆、行人、交通标志图像
- 激光雷达（LiDAR）：采集三维点云数据，获取环境深度信息
- 毫米波雷达：检测车辆速度和距离，适应恶劣天气
- 超声波传感器：近距离障碍物检测（泊车场景）
- GPS/IMU：车辆定位和姿态数据

【数据采集方法】
- 多传感器同步采集：时间戳对齐，确保数据融合准确
- 路测数据采集：在不同城市、天气、路况下采集
- 仿真数据生成：使用模拟器生成极端场景数据（补充真实数据不足）;4.2::文档题::数据采集方案
【4.2.4】自动驾驶汽车感知系统数据采集和处理指导方案-2：预处理与安全;【数据预处理】
1. 传感器标定：摄像头、LiDAR、雷达之间的联合标定
2. 数据标注：标注目标（车辆、行人、骑行者的3D包围框）
3. 数据增强：旋转、翻转、亮度调整、添加噪声等
4. 时间同步：多传感器数据时间戳对齐和插值

【数据安全与合规】
- 路测数据脱敏（模糊人脸、车牌号）
- 数据传输加密，防止攻击
- 遵守自动驾驶数据管理规定

【数据存储与管理】
- 海量数据分布式存储（HDFS、对象存储）
- 元数据管理，便于检索和回放;4.2::文档题::数据采集方案
【4.2.5】文化遗产数字化保护数据采集和处理指导方案-1：数据源与采集;【数据源确定】
- 三维扫描数据：使用激光扫描仪获取文物高精度三维模型
- 高清影像数据：多角度拍摄文物高清照片（纹理映射用）
- 文献资料：历史文献、考古报告、档案记录
- 环境监测数据：温度、湿度、光照等文物保存环境数据

【数据采集方法】
- 三维激光扫描：非接触式扫描，获取毫米级精度点云数据
- 近景摄影测量：多角度拍摄，通过软件重建三维模型
- 光谱分析：多光谱成像，分析文物材质和颜料成分
- 环境传感器：实时监测文物保存环境;4.2::文档题::数据采集方案
【4.2.5】文化遗产数字化保护数据采集和处理指导方案-2：预处理与安全;【数据预处理】
1. 点云去噪：去除扫描过程中的噪声点
2. 模型重建：点云数据生成网格模型，纹理映射
3. 色彩校正：统一不同光照条件下拍摄的色彩
4. 数据修复：修复文物残缺部分的数字化模型

【数据安全与合规】
- 高精度模型加密存储，防止盗用
- 建立数据访问权限分级制度
- 重要文物数据异地备份

【数据存储与管理】
- 分级存储：原始数据、处理数据、展示数据分别存储
- 数字档案管理：建立文物数字化档案数据库
- 定期更新：根据文物状况变化更新数据;4.2::文档题::数据采集方案