正面;背面
【判断题】道德评价的关键是看其行为是否符合社会道德规范。;"【标准答案】√

【v2答案】√
【PDF官方答案】√

【DeepSeek答案】√
【个人答案】√

【题目】
道德评价的关键是看其行为是否符合社会道德规范。

【判断理由】
职业道德评价以行为是否符合社会道德规范为标准，说法正确。
【本题答案】√（以PDF官方题库为准）"
【判断题】人工智能训练师在处理敏感数据时，可以不经用户同意直接使用这些数据进行模型训练。;"【标准答案】×

【v2答案】×
【PDF官方答案】×

【DeepSeek答案】×
【个人答案】×

【题目】
人工智能训练师在处理敏感数据时，可以不经用户同意直接使用这些数据进行模型训练。

【判断理由】
处理敏感数据必须先征得用户同意，不能随意直接使用。
【本题答案】×（以PDF官方题库为准）"
【判断题】随着全球化的发展，职业道德也呈现出单一化的趋势，不同国家和地区的职业道德规范不存在差异。;"【标准答案】×

【v2答案】×
【PDF官方答案】×

【DeepSeek答案】×
【个人答案】×

【题目】
随着全球化的发展，职业道德也呈现出单一化的趋势，不同国家和地区的职业道德规范不存在差异。

【判断理由】
不同国家和地区的职业道德规范存在差异，并非单一化趋同。
【本题答案】×（以PDF官方题库为准）"
【判断题】人工智能训练师在职业道德建设中，无需考虑数据的质量与适用性，只需关注模型的训练效果。;"【标准答案】×

【v2答案】×
【PDF官方答案】×

【DeepSeek答案】×
【个人答案】×

【题目】
人工智能训练师在职业道德建设中，无需考虑数据的质量与适用性，只需关注模型的训练效果。

【判断理由】
职业道德建设必须考虑数据质量与适用性，不能只看训练效果。
【本题答案】×（以PDF官方题库为准）"
【判断题】人工智能训练师在开发和训练AI模型时，不需要对模型可能产生的歧视性或偏见性结果负责。;"【标准答案】×

【v2答案】×
【PDF官方答案】×

【DeepSeek答案】×
【个人答案】×

【题目】
人工智能训练师在开发和训练AI模型时，不需要对模型可能产生的歧视性或偏见性结果负责。

【判断理由】
训练师应对模型可能产生的歧视性或偏见性结果承担责任。
【本题答案】×（以PDF官方题库为准）"
【判断题】人工智能训练师的职业道德不包括对用户隐私的保护。;"【标准答案】×

【v2答案】×
【PDF官方答案】×

【DeepSeek答案】×
【个人答案】×

【题目】
人工智能训练师的职业道德不包括对用户隐私的保护。

【判断理由】
保护用户隐私是人工智能训练师职业道德的重要内容。
【本题答案】×（以PDF官方题库为准）"
【判断题】人工智能训练师的主要任务是设计和开发新的算法。;"【标准答案】×

【v2答案】×
【PDF官方答案】×

【DeepSeek答案】×
【个人答案】×

【题目】
人工智能训练师的主要任务是设计和开发新的算法。

【判断理由】
人工智能训练师主要做数据采集、标注、模型训练与优化，而非设计算法。
【本题答案】×（以PDF官方题库为准）"
【判断题】职业守则仅仅是一种软约束，不具备法律效力。;"【标准答案】√

【v2答案】√
【PDF官方答案】√

【DeepSeek答案】×
【个人答案】√

【题目】
职业守则仅仅是一种软约束，不具备法律效力。

【判断理由】
职业守则属于软约束，一般不具备法律强制效力，说法正确。
【本题答案】√（以PDF官方题库为准）"
【判断题】职业守则的特点之一是具有普遍性，适用于所有行业。;"【标准答案】×

【v2答案】×
【PDF官方答案】×

【DeepSeek答案】×
【个人答案】×

【题目】
职业守则的特点之一是具有普遍性，适用于所有行业。

【判断理由】
职业守则具有明显行业特殊性，并非普遍适用于所有行业。
【本题答案】×（以PDF官方题库为准）"
【判断题】职业守则核心内容不包括遵守法律。;"【标准答案】×

【v2答案】×
【PDF官方答案】×

【DeepSeek答案】×
【个人答案】×

【题目】
职业守则核心内容不包括遵守法律。

【判断理由】
遵守法律是职业守则的核心内容之一，不可排除。
【本题答案】×（以PDF官方题库为准）"
【判断题】人工智能训练师在制定职业守则的过程中，应该充分考虑到人工智能技术的发展趋势和潜在风险。;"【标准答案】√

【v2答案】√
【PDF官方答案】√

【DeepSeek答案】√
【个人答案】√

【题目】
人工智能训练师在制定职业守则的过程中，应该充分考虑到人工智能技术的发展趋势和潜在风险。

【判断理由】
制定职业守则应预判技术发展趋势与潜在风险，说法正确。
【本题答案】√（以PDF官方题库为准）"
【判断题】职业守则的实施与监督应该完全依靠员工个人的自觉性。;"【标准答案】×

【v2答案】×
【PDF官方答案】×

【DeepSeek答案】×
【个人答案】×

【题目】
职业守则的实施与监督应该完全依靠员工个人的自觉性。

【判断理由】
职业守则实施与监督需要制度和组织保障，不能仅靠员工自觉。
【本题答案】×（以PDF官方题库为准）"
【判断题】职业守则中的奉献社会是指从业人员在工作中要正确处理个人利益和社会整体利益的关系，把个人利益放在首位。;"【标准答案】×

【v2答案】×
【PDF官方答案】×

【DeepSeek答案】×
【个人答案】×

【题目】
职业守则中的奉献社会是指从业人员在工作中要正确处理个人利益和社会整体利益的关系，把个人利益放在首位。

【判断理由】
奉献社会应把社会整体利益放在首位，而不是个人利益优先。
【本题答案】×（以PDF官方题库为准）"
【判断题】从业人员能否做到爱岗敬业，取决于他是否具有过硬的专业技能。;"【标准答案】×

【v2答案】×
【PDF官方答案】×

【DeepSeek答案】×
【个人答案】×

【题目】
从业人员能否做到爱岗敬业，取决于他是否具有过硬的专业技能。

【判断理由】
爱岗敬业主要取决于职业道德、责任心等，而非仅凭专业技能。
【本题答案】×（以PDF官方题库为准）"
【判断题】人工智能训练师在训练过程中，可以根据自己的经验和直觉来调整模型参数，以提高模型性能。;"【标准答案】×

【v2答案】×
【PDF官方答案】×

【DeepSeek答案】√
【个人答案】×

【题目】
人工智能训练师在训练过程中，可以根据自己的经验和直觉来调整模型参数，以提高模型性能。

【判断理由】
调整模型参数应依据实验与数据，不能凭主观经验直觉。
【本题答案】×（以PDF官方题库为准）"
【判断题】语音输入是Windows输入法的一种智能应用。;"【标准答案】√

【v2答案】√
【PDF官方答案】√

【DeepSeek答案】√
【个人答案】√

【题目】
语音输入是Windows输入法的一种智能应用。

【判断理由】
语音输入属于Windows智能输入应用，说法正确。
【本题答案】√（以PDF官方题库为准）"
【判断题】Windows系统的维护利器是一款可以帮助用户优化系统性能、清理垃圾文件和修复系统问题的软件。;"【标准答案】√

【v2答案】√
【PDF官方答案】√

【DeepSeek答案】√
【个人答案】√

【题目】
Windows系统的维护利器是一款可以帮助用户优化系统性能、清理垃圾文件和修复系统问题的软件。

【判断理由】
该描述符合Windows系统维护工具的实际功能，说法正确。
【本题答案】√（以PDF官方题库为准）"
【判断题】如果鼠标和键盘都无法使用，可以通过按F8键进入Windows的高级启动选项进行修复。;"【标准答案】×

【v2答案】×
【PDF官方答案】×

【DeepSeek答案】√
【个人答案】×

【题目】
如果鼠标和键盘都无法使用，可以通过按F8键进入Windows的高级启动选项进行修复。

【判断理由】
现代的Windows版本一般不再通过F8进入高级启动方式进行修复。
【本题答案】×（以PDF官方题库为准）"
【判断题】Windows10中小工具中的时钟可以锁定前端显示。;"【标准答案】×

【v2答案】×
【PDF官方答案】×

【DeepSeek答案】√
【个人答案】×

【题目】
Windows10中小工具中的时钟可以锁定前端显示。

【判断理由】
Windows10小工具中的时钟并不能锁定显示在前端。
【本题答案】×（以PDF官方题库为准）"
【判断题】在浏览器中，可以通过点击地址栏输入网址来访问网页。;"【标准答案】√

【v2答案】√
【PDF官方答案】√

【DeepSeek答案】√
【个人答案】√

【题目】
在浏览器中，可以通过点击地址栏输入网址来访问网页。

【判断理由】
在浏览器地址栏输入网址即可访问网页，说法正确。
【本题答案】√（以PDF官方题库为准）"
【判断题】浏览器的高级探索功能可以帮助用户更好地了解和管理浏览器的设置和功能。;"【标准答案】×

【v2答案】×
【PDF官方答案】×

【DeepSeek答案】√
【个人答案】×

【题目】
浏览器的高级探索功能可以帮助用户更好地了解和管理浏览器的设置和功能。

【判断理由】
浏览器并无所谓“高级探索功能”，说法与事实不符。
【本题答案】×（以PDF官方题库为准）"
【判断题】使用Ctrl+C可以复制选中的文本或对象。;"【标准答案】√

【v2答案】√
【PDF官方答案】√

【DeepSeek答案】√
【个人答案】√

【题目】
使用Ctrl+C可以复制选中的文本或对象。

【判断理由】
Ctrl+C是复制选中内容的常用快捷键，说法正确。
【本题答案】√（以PDF官方题库为准）"
【判断题】使用Word进行高效办公时，可以同时打开多个文档进行编辑。;"【标准答案】√

【v2答案】√
【PDF官方答案】√

【DeepSeek答案】√
【个人答案】√

【题目】
使用Word进行高效办公时，可以同时打开多个文档进行编辑。

【判断理由】
Word允许同时打开多个文档进行编辑，说法正确。
【本题答案】√（以PDF官方题库为准）"
【判断题】Word样式库中的样式可以快速应用到文档中的多个段落或文本框中。;"【标准答案】√

【v2答案】√
【PDF官方答案】√

【DeepSeek答案】√
【个人答案】√

【题目】
Word样式库中的样式可以快速应用到文档中的多个段落或文本框中。

【判断理由】
Word样式库中的样式可快速套用到多个段落或文本框，说法正确。
【本题答案】√（以PDF官方题库为准）"
【判断题】在Word中进行图文混排时，图片和文本框的位置是可以随意调整的。;"【标准答案】√

【v2答案】√
【PDF官方答案】√

【DeepSeek答案】√
【个人答案】√

【题目】
在Word中进行图文混排时，图片和文本框的位置是可以随意调整的。

【判断理由】
Word图文混排中图片和文本框位置可以调整，说法正确。
【本题答案】√（以PDF官方题库为准）"
【判断题】在Excel中，可以使用公式计算单元格中的数据。;"【标准答案】√

【v2答案】√
【PDF官方答案】√

【DeepSeek答案】√
【个人答案】√

【题目】
在Excel中，可以使用公式计算单元格中的数据。

【判断理由】
Excel支持用公式计算单元格数据，说法正确。
【本题答案】√（以PDF官方题库为准）"
【判断题】在Excel中，使用MAX函数可以找到一列数据中的最大值。;"【标准答案】√

【v2答案】√
【PDF官方答案】√

【DeepSeek答案】√
【个人答案】√

【题目】
在Excel中，使用MAX函数可以找到一列数据中的最大值。

【判断理由】
MAX函数用于求取一列数据的最大值，说法正确。
【本题答案】√（以PDF官方题库为准）"
【判断题】Excel图表的数据可视化功能只能用于静态展示数据，无法进行动态交互。;"【标准答案】×

【v2答案】×
【PDF官方答案】×

【DeepSeek答案】×
【个人答案】×

【题目】
Excel图表的数据可视化功能只能用于静态展示数据，无法进行动态交互。

【判断理由】
Excel图表可通过控件、数据源更新等实现动态交互，并非只能静态展示。
【本题答案】×（以PDF官方题库为准）"
【判断题】工作簿的扩展名是.xls。;"【标准答案】×

【v2答案】×
【PDF官方答案】×

【DeepSeek答案】×
【个人答案】×

【题目】
工作簿的扩展名是.xls。

【判断理由】
Excel工作簿默认扩展名是.xlsx，而不是.xls。
【本题答案】×（以PDF官方题库为准）"
【判断题】通过利用Excel宏，我们可以将繁琐的重复性任务自动化，使我们的工作变得高效和轻松。;"【标准答案】√

【v2答案】√
【PDF官方答案】√

【DeepSeek答案】√
【个人答案】√

【题目】
通过利用Excel宏，我们可以将繁琐的重复性任务自动化，使我们的工作变得高效和轻松。

【判断理由】
利用Excel宏可把重复性任务自动化，提高效率，说法正确。
【本题答案】√（以PDF官方题库为准）"
【判断题】用人单位与劳动者订立的劳动合同中，约定了试用期满后自动转正的条款，这样的约定是合法的。;"【标准答案】×

【v2答案】×
【PDF官方答案】×

【DeepSeek答案】×
【个人答案】×

【题目】
用人单位与劳动者订立的劳动合同中，约定了试用期满后自动转正的条款，这样的约定是合法的。

【判断理由】
试用期届满自动转正的约定并非当然合法，应依法约定转正条件。
【本题答案】×（以PDF官方题库为准）"
【判断题】劳动合同中必须包含劳动合同期限。;"【标准答案】√

【v2答案】√
【PDF官方答案】√

【DeepSeek答案】√
【个人答案】√

【题目】
劳动合同中必须包含劳动合同期限。

【判断理由】
劳动合同期限是劳动合同的必备条款之一，说法正确。
【本题答案】√（以PDF官方题库为准）"
【判断题】劳动者在试用期内可以随时解除劳动合同。;"【标准答案】×

【v2答案】×
【PDF官方答案】×

【DeepSeek答案】×
【个人答案】×

【题目】
劳动者在试用期内可以随时解除劳动合同。

【判断理由】
劳动者在试用期解除劳动合同也应遵循法定程序，不能随意随时解除。
【本题答案】×（以PDF官方题库为准）"
【判断题】网络运营者应当采取技术措施和其他必要措施，确保其收集的个人信息安全，防止信息泄露、损毁、丢失。;"【标准答案】√

【v2答案】√
【PDF官方答案】√

【DeepSeek答案】√
【个人答案】√

【题目】
网络运营者应当采取技术措施和其他必要措施，确保其收集的个人信息安全，防止信息泄露、损毁、丢失。

【判断理由】
网络运营者依法应保障其收集的个人信息安全，说法正确。
【本题答案】√（以PDF官方题库为准）"
【判断题】网络接入的规范要求中，用户必须使用实名制进行注册。;"【标准答案】√

【v2答案】√
【PDF官方答案】√

【DeepSeek答案】√
【个人答案】√

【题目】
网络接入的规范要求中，用户必须使用实名制进行注册。

【判断理由】
网络接入实行用户实名制（符合相关规范），说法正确。
【本题答案】√（以PDF官方题库为准）"
【判断题】关键信息基础设施的运营者应当自行或者委托网络安全服务机构对其网络的安全性和可能存在的风险每年至少进行一次检测评估。;"【标准答案】√

【v2答案】√
【PDF官方答案】√

【DeepSeek答案】√
【个人答案】?

【题目】
关键信息基础设施的运营者应当自行或者委托网络安全服务机构对其网络的安全性和可能存在的风险每年至少进行一次检测评估。

【判断理由】
关键信息基础设施运营者每年应至少开展一次安全检测评估，说法正确。
【本题答案】√（以PDF官方题库为准）"
【判断题】只有发明人和设计人才能成为专利申请权主体。;"【标准答案】×

【v2答案】×
【PDF官方答案】×

【DeepSeek答案】×
【个人答案】×

【题目】
只有发明人和设计人才能成为专利申请权主体。

【判断理由】
专利申请权主体不限于发明人，还可依法转让或由相关主体享有。
【本题答案】×（以PDF官方题库为准）"
【判断题】如果一项发明创造具有新颖性、创造性和实用性，那么它一定可以获得专利授权。;"【标准答案】×

【v2答案】×
【PDF官方答案】×

【DeepSeek答案】×
【个人答案】×

【题目】
如果一项发明创造具有新颖性、创造性和实用性，那么它一定可以获得专利授权。

【判断理由】
即便具备三性也可能因其他法定原因而不获授权，说法过于绝对。
【本题答案】×（以PDF官方题库为准）"
【判断题】在专利申请流程中，申请人需要提交详细的专利说明书、权利要求书和摘要等文件。;"【标准答案】√

【v2答案】√
【PDF官方答案】√

【DeepSeek答案】√
【个人答案】√

【题目】
在专利申请流程中，申请人需要提交详细的专利说明书、权利要求书和摘要等文件。

【判断理由】
发明专利申请须提交说明书、权利要求书、摘要等文件，说法正确。
【本题答案】√（以PDF官方题库为准）"
【判断题】遵纪守法是社会成员的基本义务，因此每个人都应该自觉遵守法律法规。;"【标准答案】√

【v2答案】√
【PDF官方答案】√

【DeepSeek答案】√
【个人答案】√

【题目】
遵纪守法是社会成员的基本义务，因此每个人都应该自觉遵守法律法规。

【判断理由】
遵纪守法是社会成员的基本义务，说法正确。
【本题答案】√（以PDF官方题库为准）"
【判断题】根据我国相关法律法规，人工智能训练师在工作过程中应当享有与其他职业相同的劳动保护权益，包括工作安全、健康保障和合理的工作时间安排等。;"【标准答案】√

【v2答案】√
【PDF官方答案】√

【DeepSeek答案】√
【个人答案】?

【题目】
根据我国相关法律法规，人工智能训练师在工作过程中应当享有与其他职业相同的劳动保护权益，包括工作安全、健康保障和合理的工作时间安排等。

【判断理由】
人工智能训练师依法享有与其他职业相同的劳动保护权益，说法正确。
【本题答案】√（以PDF官方题库为准）"
【判断题】在人工智能训练师的工作中，使用、复制或分发数据、算法或模型时，必须遵守知识产权法的基本原则，包括尊重知识产权的专有性、保护创作者权益和禁止未经授权的使用。;"【标准答案】√

【v2答案】√
【PDF官方答案】√

【DeepSeek答案】√
【个人答案】?

【题目】
在人工智能训练师的工作中，使用、复制或分发数据、算法或模型时，必须遵守知识产权法的基本原则，包括尊重知识产权的专有性、保护创作者权益和禁止未经授权的使用。

【判断理由】
使用、复制或分发数据须遵守知识产权基本原则，说法正确。
【本题答案】√（以PDF官方题库为准）"
【判断题】著作权法只保护原创性的作品。;"【标准答案】√

【v2答案】√
【PDF官方答案】√

【DeepSeek答案】√
【个人答案】√

【题目】
著作权法只保护原创性的作品。

【判断理由】
著作权法只保护具有独创性的作品，说法正确。
【本题答案】√（以PDF官方题库为准）"
【判断题】专利权的主体只能是发明人或设计人。;"【标准答案】×

【v2答案】×
【PDF官方答案】×

【DeepSeek答案】×
【个人答案】×

【题目】
专利权的主体只能是发明人或设计人。

【判断理由】
专利权主体除发明人、设计人外，还可包括受让人、继承人等。
【本题答案】×（以PDF官方题库为准）"
【判断题】知识产权的保护措施只针对原创性作品。;"【标准答案】×

【v2答案】×
【PDF官方答案】×

【DeepSeek答案】×
【个人答案】×

【题目】
知识产权的保护措施只针对原创性作品。

【判断理由】
知识产权范围涵盖专利、商标、著作权等，不只保护原创性作品。
【本题答案】×（以PDF官方题库为准）"
【判断题】数据采集的常用工具包括Python、Excel和SQLServer。;"【标准答案】√

【v2答案】√
【PDF官方答案】√

【DeepSeek答案】√
【个人答案】√

【题目】
数据采集的常用工具包括Python、Excel和SQLServer。

【判断理由】
Python、Excel等工具均可用于数据采集，说法正确。
【本题答案】√（以PDF官方题库为准）"
【判断题】使用Python编写网络爬虫时，可以安装requests库，来完成任务。;"【标准答案】√

【v2答案】√
【PDF官方答案】√

【DeepSeek答案】√
【个人答案】√

【题目】
使用Python编写网络爬虫时，可以安装requests库，来完成任务。

【判断理由】
用Python写爬虫可安装requests等库完成任务，说法正确。
【本题答案】√（以PDF官方题库为准）"
【判断题】在数据采集流程中，工具应用的意义仅限于提高数据收集的速度。;"【标准答案】×

【v2答案】×
【PDF官方答案】×

【DeepSeek答案】×
【个人答案】×

【题目】
在数据采集流程中，工具应用的意义仅限于提高数据收集的速度。

【判断理由】
数据采集工具的意义还包括提高数据质量与覆盖面，不只限于速度。
【本题答案】×（以PDF官方题库为准）"
【判断题】数据治理工具主要用于优化人工智能算法训练过程中的数据输入，以确保训练数据集的质量和一致性。;"【标准答案】×

【v2答案】×
【PDF官方答案】×

【DeepSeek答案】√
【个人答案】×

【题目】
数据治理工具主要用于优化人工智能算法训练过程中的数据输入，以确保训练数据集的质量和一致性。

【判断理由】
数据治理工具服务于整体数据资产治理，而非仅为训练输入优化。
【本题答案】×（以PDF官方题库为准）"
【判断题】ETL工具的基本原理包括数据抽取、数据转换和数据加载三个步骤。;"【标准答案】√

【v2答案】√
【PDF官方答案】√

【DeepSeek答案】√
【个人答案】√

【题目】
ETL工具的基本原理包括数据抽取、数据转换和数据加载三个步骤。

【判断理由】
常用ETL工具遵循抽取—转换—加载三个基本步骤，说法正确。
【本题答案】√（以PDF官方题库为准）"
【判断题】数据存储和管理相关工具通常具有自动备份和恢复功能。;"【标准答案】√

【v2答案】√
【PDF官方答案】√

【DeepSeek答案】√
【个人答案】√

【题目】
数据存储和管理相关工具通常具有自动备份和恢复功能。

【判断理由】
存储与管理工具通常提供自动备份与恢复功能，说法正确。
【本题答案】√（以PDF官方题库为准）"
【判断题】云服务是一种基于互联网的计算方式，通过这种方式，共享软硬件资源和信息可以按需求提供给计算机各种终端和其他设备。;"【标准答案】√

【v2答案】√
【PDF官方答案】√

【DeepSeek答案】√
【个人答案】?

【题目】
云服务是一种基于互联网的计算方式，通过这种方式，共享软硬件资源和信息可以按需求提供给计算机各种终端和其他设备。

【判断理由】
云服务是按需提供软硬件资源的互联网计算方式，说法正确。
【本题答案】√（以PDF官方题库为准）"
【判断题】使用Excel可以将CSV文件转换为JSON格式。;"【标准答案】×

【v2答案】×
【PDF官方答案】×

【DeepSeek答案】√
【个人答案】×

【题目】
使用Excel可以将CSV文件转换为JSON格式。

【判断理由】
Excel并不能直接把CSV转换为JSON，需要借助脚本或专门工具。
【本题答案】×（以PDF官方题库为准）"
【判断题】所有的大数据处理平台都专门用于处理结构化数据，并且不能处理非结构化数据。;"【标准答案】×

【v2答案】×
【PDF官方答案】×

【DeepSeek答案】×
【个人答案】×

【题目】
所有的大数据处理平台都专门用于处理结构化数据，并且不能处理非结构化数据。

【判断理由】
大数据平台除结构化数据外也能处理非结构化数据，说法不成立。
【本题答案】×（以PDF官方题库为准）"
【判断题】所有的常用数据处理工具都只能处理数值型数据，无法处理文本或图像数据。;"【标准答案】×

【v2答案】×
【PDF官方答案】×

【DeepSeek答案】×
【个人答案】×

【题目】
所有的常用数据处理工具都只能处理数值型数据，无法处理文本或图像数据。

【判断理由】
数据处理工具还能处理文本、图像等非数值型数据，说法过于绝对。
【本题答案】×（以PDF官方题库为准）"
【判断题】在特征工程中，所有工具都自动选择最佳的特征集，无需人工干预或领域知识。;"【标准答案】×

【v2答案】×
【PDF官方答案】×

【DeepSeek答案】×
【个人答案】×

【题目】
在特征工程中，所有工具都自动选择最佳的特征集，无需人工干预或领域知识。

【判断理由】
特征工程常需人工干预，不能做到全自动选择最佳特征集。
【本题答案】×（以PDF官方题库为准）"
【判断题】数据质量监控工具的主要意义在于减少数据集的大小，以便更快地处理数据。;"【标准答案】×

【v2答案】×
【PDF官方答案】×

【DeepSeek答案】×
【个人答案】×

【题目】
数据质量监控工具的主要意义在于减少数据集的大小，以便更快地处理数据。

【判断理由】
数据质量监控的目的是保障数据质量，而非缩小数据规模。
【本题答案】×（以PDF官方题库为准）"
【判断题】数据审核平台是一种专门用于审核和处理数据的软件工具。;"【标准答案】×

【v2答案】×
【PDF官方答案】×

【DeepSeek答案】√
【个人答案】×

【题目】
数据审核平台是一种专门用于审核和处理数据的软件工具。

【判断理由】
数据审核平台主要用来审核数据质量与合规，而非“审核与处理的软件工具”这种表述。
【本题答案】×（以PDF官方题库为准）"
【判断题】PowerBI是微软推出的一款商业智能工具，主要用于数据分析和报告制作。;"【标准答案】√

【v2答案】√
【PDF官方答案】√

【DeepSeek答案】√
【个人答案】√

【题目】
PowerBI是微软推出的一款商业智能工具，主要用于数据分析和报告制作。

【判断理由】
Power BI是微软用于数据分析和报告制作的商业智能工具，说法正确。
【本题答案】√（以PDF官方题库为准）"
【判断题】业务流程管理与优化工具只能用于制造业企业。;"【标准答案】×

【v2答案】×
【PDF官方答案】×

【DeepSeek答案】×
【个人答案】×

【题目】
业务流程管理与优化工具只能用于制造业企业。

【判断理由】
业务流程管理与优化工具并不局限于制造业，各类行业均可用。
【本题答案】×（以PDF官方题库为准）"
【判断题】数据采集策略应该避免使用自动化工具，以确保数据的原始性。;"【标准答案】×

【v2答案】×
【PDF官方答案】×

【DeepSeek答案】×
【个人答案】×

【题目】
数据采集策略应该避免使用自动化工具，以确保数据的原始性。

【判断理由】
合理使用自动化工具可提升采集效率，不必完全回避。
【本题答案】×（以PDF官方题库为准）"
【判断题】数据源选择只要基于数据的准确性，不需要可靠性。;"【标准答案】×

【v2答案】×
【PDF官方答案】×

【DeepSeek答案】×
【个人答案】×

【题目】
数据源选择只要基于数据的准确性，不需要可靠性。

【判断理由】
数据源选择不仅看准确性，还须兼顾可靠性与合法性。
【本题答案】×（以PDF官方题库为准）"
【判断题】数据抓取技术中，正则表达式是一种非常强大的工具，可以用于匹配和提取网页中的特定信息。;"【标准答案】√

【v2答案】√
【PDF官方答案】√

【DeepSeek答案】√
【个人答案】√

【题目】
数据抓取技术中，正则表达式是一种非常强大的工具，可以用于匹配和提取网页中的特定信息。

【判断理由】
正则表达式可用于匹配、提取网页特定信息，说法正确。
【本题答案】√（以PDF官方题库为准）"
【判断题】数据抓取策略的优化方法包括使用更快的抓取工具。;"【标准答案】×

【v2答案】×
【PDF官方答案】×

【DeepSeek答案】√
【个人答案】×

【题目】
数据抓取策略的优化方法包括使用更快的抓取工具。

【判断理由】
抓取策略优化涉及合规、频次与资源等多方面，不止追求工具速度。
【本题答案】×（以PDF官方题库为准）"
【判断题】关系型数据库通常用于存储结构化数据，而非关系型数据库则更适合存储半结构化或非结构化数据。;"【标准答案】√

【v2答案】√
【PDF官方答案】√

【DeepSeek答案】√
【个人答案】√

【题目】
关系型数据库通常用于存储结构化数据，而非关系型数据库则更适合存储半结构化或非结构化数据。

【判断理由】
关系型数据库适合结构化数据，非关系型适合半/非结构化数据，说法正确。
【本题答案】√（以PDF官方题库为准）"
【判断题】数据清洗与预处理流程的第一步是对数据进行缺失值处理。;"【标准答案】×

【v2答案】×
【PDF官方答案】×

【DeepSeek答案】×
【个人答案】×

【题目】
数据清洗与预处理流程的第一步是对数据进行缺失值处理。

【判断理由】
数据清洗与预处理的第一步并非简单地归结为缺失值处理。
【本题答案】×（以PDF官方题库为准）"
【判断题】数据清洗的主要目的确实是解决数据中的重复值、缺失值和异常值问题。;"【标准答案】√

【v2答案】√
【PDF官方答案】√

【DeepSeek答案】√
【个人答案】√

【题目】
数据清洗的主要目的确实是解决数据中的重复值、缺失值和异常值问题。

【判断理由】
数据清洗正是为了解决重复、缺失、异常等问题，说法正确。
【本题答案】√（以PDF官方题库为准）"
【判断题】加密技术可以保证数据的机密性，但无法防止数据泄露。;"【标准答案】×

【v2答案】×
【PDF官方答案】×

【DeepSeek答案】√
【个人答案】×

【题目】
加密技术可以保证数据的机密性，但无法防止数据泄露。

【判断理由】
加密是防护数据泄露的重要手段，不能简单说“无法防止泄露”。
【本题答案】×（以PDF官方题库为准）"
【判断题】实时数据处理技术可以处理大量数据并实时产生结果。;"【标准答案】√

【v2答案】√
【PDF官方答案】√

【DeepSeek答案】√
【个人答案】√

【题目】
实时数据处理技术可以处理大量数据并实时产生结果。

【判断理由】
实时数据处理技术可处理大量数据并实时生成结果，说法正确。
【本题答案】√（以PDF官方题库为准）"
【判断题】特征提取的主要方法包括主成分分析和线性判别分析。;"【标准答案】√

【v2答案】√
【PDF官方答案】√

【DeepSeek答案】√
【个人答案】√

【题目】
特征提取的主要方法包括主成分分析和线性判别分析。

【判断理由】
主成分分析、线性判别分析是常用的特征提取方法，说法正确。
【本题答案】√（以PDF官方题库为准）"
【判断题】容器化技术可以完全替代传统的虚拟化技术来管理业务数据处理流程。;"【标准答案】×

【v2答案】×
【PDF官方答案】×

【DeepSeek答案】×
【个人答案】×

【题目】
容器化技术可以完全替代传统的虚拟化技术来管理业务数据处理流程。

【判断理由】
容器化技术不能完全替代传统虚拟化技术，二者各有所长。
【本题答案】×（以PDF官方题库为准）"
【判断题】数据质量评估通常是通过对数据进行抽样检查来进行的。;"【标准答案】√

【v2答案】√
【PDF官方答案】√

【DeepSeek答案】√
【个人答案】√

【题目】
数据质量评估通常是通过对数据进行抽样检查来进行的。

【判断理由】
通常采用抽样检查对数据质量进行评估，说法正确。
【本题答案】√（以PDF官方题库为准）"
【判断题】数据校验和异常数据检测的方法都是为了确保数据的准确性和完整性。;"【标准答案】√

【v2答案】√
【PDF官方答案】√

【DeepSeek答案】√
【个人答案】√

【题目】
数据校验和异常数据检测的方法都是为了确保数据的准确性和完整性。

【判断理由】
数据校验与异常检测的目的都是保障数据准确性与完整性，说法正确。
【本题答案】√（以PDF官方题库为准）"
【判断题】高效业务流程的设计方法应该包括对现有流程的详细分析。;"【标准答案】√

【v2答案】√
【PDF官方答案】√

【DeepSeek答案】√
【个人答案】√

【题目】
高效业务流程的设计方法应该包括对现有流程的详细分析。

【判断理由】
高效业务流程设计应包含对现有流程的详细分析，说法正确。
【本题答案】√（以PDF官方题库为准）"
【判断题】合规性检查通常只关注数据的安全性，而不涉及数据的完整性和可用性。;"【标准答案】×

【v2答案】×
【PDF官方答案】×

【DeepSeek答案】×
【个人答案】×

【题目】
合规性检查通常只关注数据的安全性，而不涉及数据的完整性和可用性。

【判断理由】
合规性检查还涉及数据完整性与可用性，并非只关注安全性。
【本题答案】×（以PDF官方题库为准）"
【判断题】业务数据产生的场合包括企业内部和外部的各种业务流程。;"【标准答案】√

【v2答案】√
【PDF官方答案】√

【DeepSeek答案】√
【个人答案】√

【题目】
业务数据产生的场合包括企业内部和外部的各种业务流程。

【判断理由】
业务数据产生于企业内部与外部的各种业务流程，说法正确。
【本题答案】√（以PDF官方题库为准）"
【判断题】人工智能业务可以根据应用场景分为智能客服、智能家居、自动驾驶和智能医疗等类别。;"【标准答案】√

【v2答案】√
【PDF官方答案】√

【DeepSeek答案】√
【个人答案】√

【题目】
人工智能业务可以根据应用场景分为智能客服、智能家居、自动驾驶和智能医疗等类别。

【判断理由】
人工智能业务可分布于智能客服、家居、驾驶、医疗等场景，说法正确。
【本题答案】√（以PDF官方题库为准）"
【判断题】综合人工智能系统中的智能控制模块不能用于实现设备控制。;"【标准答案】×

【v2答案】×
【PDF官方答案】×

【DeepSeek答案】×
【个人答案】×

【题目】
综合人工智能系统中的智能控制模块不能用于实现设备控制。

【判断理由】
综合系统中的智能控制模块可用于实现设备控制。
【本题答案】×（以PDF官方题库为准）"
【判断题】推荐系统的功能模块包括用户画像、物品画像和推荐算法三个部分。;"【标准答案】√

【v2答案】√
【PDF官方答案】√

【DeepSeek答案】√
【个人答案】√

【题目】
推荐系统的功能模块包括用户画像、物品画像和推荐算法三个部分。

【判断理由】
推荐系统包含用户画像、物品画像与推荐算法，说法正确。
【本题答案】√（以PDF官方题库为准）"
【判断题】智能搜索业务不能通过自然语言处理技术来解析和理解搜索查询。;"【标准答案】×

【v2答案】×
【PDF官方答案】×

【DeepSeek答案】×
【个人答案】×

【题目】
智能搜索业务不能通过自然语言处理技术来解析和理解搜索查询。

【判断理由】
智能搜索可借助自然语言处理技术解析理解查询，并非不能。
【本题答案】×（以PDF官方题库为准）"
【判断题】智能交互功能模块具有自然语言处理能力，可以理解用户的语音指令和文本输入。;"【标准答案】√

【v2答案】√
【PDF官方答案】√

【DeepSeek答案】√
【个人答案】√

【题目】
智能交互功能模块具有自然语言处理能力，可以理解用户的语音指令和文本输入。

【判断理由】
智能交互模块具备自然语言处理能力，可理解语音与文本，说法正确。
【本题答案】√（以PDF官方题库为准）"
【判断题】自动数据处理能够通过人工智能模型和算力，挖掘出稳定且准确的分析结果。;"【标准答案】√

【v2答案】√
【PDF官方答案】√

【DeepSeek答案】√
【个人答案】√

【题目】
自动数据处理能够通过人工智能模型和算力，挖掘出稳定且准确的分析结果。

【判断理由】
自动数据处理可借助AI模型与算力挖掘稳定而准确的分析结果，说法正确。
【本题答案】√（以PDF官方题库为准）"
【判断题】最优化决策支持利用人工智能计算来实现系统的最优性能，以及得出达到最优业务指标的分配或决策。;"【标准答案】√

【v2答案】√
【PDF官方答案】√

【DeepSeek答案】√
【个人答案】√

【题目】
最优化决策支持利用人工智能计算来实现系统的最优性能，以及得出达到最优业务指标的分配或决策。

【判断理由】
最优化决策支持利用AI计算实现系统最优，达成最优业务指标，说法正确。
【本题答案】√（以PDF官方题库为准）"
【判断题】智能控制功能模块的原理是通过模拟人类大脑的思维方式来实现对设备的自动控制。;"【标准答案】×

【v2答案】×
【PDF官方答案】×

【DeepSeek答案】×
【个人答案】×

【题目】
智能控制功能模块的原理是通过模拟人类大脑的思维方式来实现对设备的自动控制。

【判断理由】
智能控制的原理是借助控制算法与传感反馈实现自动控制，而非模拟人脑思维。
【本题答案】×（以PDF官方题库为准）"
【判断题】自然语言处理技术可以自动分析和理解人类语言，从而实现人机交互。;"【标准答案】√

【v2答案】√
【PDF官方答案】√

【DeepSeek答案】√
【个人答案】√

【题目】
自然语言处理技术可以自动分析和理解人类语言，从而实现人机交互。

【判断理由】
人工智能应用自然语言处理可自动理解语言，实现人机交互，说法正确。
【本题答案】√（以PDF官方题库为准）"
【判断题】生物特征识别是一种身份验证技术，因此可以不经许可获取用户生物特征。;"【标准答案】×

【v2答案】×
【PDF官方答案】×

【DeepSeek答案】×
【个人答案】×

【题目】
生物特征识别是一种身份验证技术，因此可以不经许可获取用户生物特征。

【判断理由】
生物特征具有敏感性，获取须经合法授权，不可未经许可。
【本题答案】×（以PDF官方题库为准）"
【判断题】计算机视觉的功能包括图像处理、目标检测和识别等。;"【标准答案】√

【v2答案】√
【PDF官方答案】√

【DeepSeek答案】√
【个人答案】√

【题目】
计算机视觉的功能包括图像处理、目标检测和识别等。

【判断理由】
计算机视觉包括图像处理、目标检测、识别等功能，说法正确。
【本题答案】√（以PDF官方题库为准）"
【判断题】图像识别是智能计算在人工智能领域的主要应用之一。;"【标准答案】√

【v2答案】√
【PDF官方答案】√

【DeepSeek答案】√
【个人答案】√

【题目】
图像识别是智能计算在人工智能领域的主要应用之一。

【判断理由】
图像识别是智能计算在AI领域的主要应用之一，说法正确。
【本题答案】√（以PDF官方题库为准）"
【判断题】数据挖掘和知识发现的流程中，数据清洗和预处理步骤是可选的。;"【标准答案】×

【v2答案】×
【PDF官方答案】×

【DeepSeek答案】×
【个人答案】×

【题目】
数据挖掘和知识发现的流程中，数据清洗和预处理步骤是可选的。

【判断理由】
数据清洗和预处理是所有流程中的必要步骤，不是可选项。
【本题答案】×（以PDF官方题库为准）"
【判断题】数据挖掘和知识发现的方法包括监督学习、无监督学习和强化学习。;"【标准答案】√

【v2答案】√
【PDF官方答案】√

【DeepSeek答案】√
【个人答案】√

【题目】
数据挖掘和知识发现的方法包括监督学习、无监督学习和强化学习。

【判断理由】
数据挖掘方法包括监督、无监督与强化学习等，说法正确。
【本题答案】√（以PDF官方题库为准）"
【判断题】业务模块构建方法的原则包括可扩展性、可重用性和可维护性。;"【标准答案】√

【v2答案】√
【PDF官方答案】√

【DeepSeek答案】√
【个人答案】√

【题目】
业务模块构建方法的原则包括可扩展性、可重用性和可维护性。

【判断理由】
业务模块构建应遵循可扩展、可重用、可维护等原则，说法正确。
【本题答案】√（以PDF官方题库为准）"
【判断题】业务流程优化方法主要包括流程再造、流程改进和流程分析三种。;"【标准答案】×

【v2答案】×
【PDF官方答案】×

【DeepSeek答案】√
【个人答案】×

【题目】
业务流程优化方法主要包括流程再造、流程改进和流程分析三种。

【判断理由】
业务流程优化方法不止于流程再造、改进、分析三种，还有其他方法。
【本题答案】×（以PDF官方题库为准）"
【判断题】业务数据的收集方法只有通过问卷调查一种方式。;"【标准答案】×

【v2答案】×
【PDF官方答案】×

【DeepSeek答案】×
【个人答案】×

【题目】
业务数据的收集方法只有通过问卷调查一种方式。

【判断理由】
业务数据收集方式多样（调查、系统、自动采集等），并非只有问卷调查。
【本题答案】×（以PDF官方题库为准）"
【判断题】单据流是企业业务流程的核心流程之一。;"【标准答案】√

【v2答案】√
【PDF官方答案】√

【DeepSeek答案】√
【个人答案】√

【题目】
单据流是企业业务流程的核心流程之一。

【判断理由】
单据流是业务流程的核心流程之一，说法正确。
【本题答案】√（以PDF官方题库为准）"
【判断题】简单业务流程分析流程的第一步是对现有流程进行详细的记录和描述。;"【标准答案】√

【v2答案】√
【PDF官方答案】√

【DeepSeek答案】√
【个人答案】√

【题目】
简单业务流程分析流程的第一步是对现有流程进行详细的记录和描述。

【判断理由】
简单流程分析的第一步是详细记录并描述现有流程，说法正确。
【本题答案】√（以PDF官方题库为准）"
【判断题】简化业务流程就是减少流程中的环节和步骤。;"【标准答案】×

【v2答案】×
【PDF官方答案】×

【DeepSeek答案】×
【个人答案】×

【题目】
简化业务流程就是减少流程中的环节和步骤。

【判断理由】
简化业务流程不等同于单纯减少环节，还要兼顾效益与质量。
【本题答案】×（以PDF官方题库为准）"
【判断题】业务流程优化中的监测和评估阶段的目的是确定优化目标。;"【标准答案】×

【v2答案】×
【PDF官方答案】×

【DeepSeek答案】×
【个人答案】×

【题目】
业务流程优化中的监测和评估阶段的目的是确定优化目标。

【判断理由】
监测评估阶段的目的是评估改进效果，而非确定优化目标。
【本题答案】×（以PDF官方题库为准）"
【判断题】在复杂综合业务流程分析中，控制图和帕累托图是常用的分析工具。;"【标准答案】√

【v2答案】√
【PDF官方答案】√

【DeepSeek答案】√
【个人答案】√

【题目】
在复杂综合业务流程分析中，控制图和帕累托图是常用的分析工具。

【判断理由】
控制图与帕累托图是复杂业务流程分析常用工具，说法正确。
【本题答案】√（以PDF官方题库为准）"
【判断题】技术更新是复杂业务系统改进措施的唯一方法。;"【标准答案】×

【v2答案】×
【PDF官方答案】×

【DeepSeek答案】×
【个人答案】×

【题目】
技术更新是复杂业务系统改进措施的唯一方法。

【判断理由】
技术更新不是复杂业务系统改进的唯一方法，还有其他措施。
【本题答案】×（以PDF官方题库为准）"
【判断题】综合业务流程优化方法的原则包括以客户为中心、以流程为导向和持续改进。;"【标准答案】√

【v2答案】√
【PDF官方答案】√

【DeepSeek答案】√
【个人答案】√

【题目】
综合业务流程优化方法的原则包括以客户为中心、以流程为导向和持续改进。

【判断理由】
以客户为中心、以流程为导向、并持续改进，说法正确。
【本题答案】√（以PDF官方题库为准）"
【判断题】知识表示方法只有符号主义和连接主义两种。;"【标准答案】×

【v2答案】×
【PDF官方答案】×

【DeepSeek答案】×
【个人答案】×

【题目】
知识表示方法只有符号主义和连接主义两种。

【判断理由】
知识表示方法除符号主义、连接主义外，还包括行为主义等，不止两种。
【本题答案】×（以PDF官方题库为准）"
【判断题】知识图谱表示法是一种基于图的数据结构，用于表示实体之间的关系。;"【标准答案】√

【v2答案】√
【PDF官方答案】√

【DeepSeek答案】√
【个人答案】√

【题目】
知识图谱表示法是一种基于图的数据结构，用于表示实体之间的关系。

【判断理由】
知识图谱用图结构表示实体及其关系，说法正确。
【本题答案】√（以PDF官方题库为准）"
【判断题】数据分析工具的种类比较多，一款好的数据分析工具，可以帮助我们提高学习工作的效率。;"【标准答案】√

【v2答案】√
【PDF官方答案】√

【DeepSeek答案】√
【个人答案】√

【题目】
数据分析工具的种类比较多，一款好的数据分析工具，可以帮助我们提高学习工作的效率。

【判断理由】
好的数据分析工具能提高学习工作效率，说法正确。
【本题答案】√（以PDF官方题库为准）"
【判断题】预测性分析是一种常见的业务数据分析，主要用于预测未来的趋势。;"【标准答案】√

【v2答案】√
【PDF官方答案】√

【DeepSeek答案】√
【个人答案】√

【题目】
预测性分析是一种常见的业务数据分析，主要用于预测未来的趋势。

【判断理由】
预测性分析主要用于预测未来趋势，说法正确。
【本题答案】√（以PDF官方题库为准）"
【判断题】业务数据可以直接进行使用，不需要进行规范化。;"【标准答案】×

【v2答案】×
【PDF官方答案】×

【DeepSeek答案】×
【个人答案】×

【题目】
业务数据可以直接进行使用，不需要进行规范化。

【判断理由】
业务数据使用前通常需要进行规范化处理。
【本题答案】×（以PDF官方题库为准）"
【判断题】机器学习的基础流程包括特征工程、模型选择和评估。;"【标准答案】×

【v2答案】×
【PDF官方答案】×

【DeepSeek答案】√
【个人答案】×

【题目】
机器学习的基础流程包括特征工程、模型选择和评估。

【判断理由】
机器学习基础流程通常还包括数据采集与预处理，不止三类，表述不完整。
【本题答案】×（以PDF官方题库为准）"
【判断题】卷积神经网络主要用于处理图像数据，其基本结构包括输入层、卷积层、池化层和全连接层。;"【标准答案】√

【v2答案】√
【PDF官方答案】√

【DeepSeek答案】√
【个人答案】√

【题目】
卷积神经网络主要用于处理图像数据，其基本结构包括输入层、卷积层、池化层和全连接层。

【判断理由】
卷积神经网络含输入层、卷积层、池化层、全连接层结构，说法正确。
【本题答案】√（以PDF官方题库为准）"
【判断题】在智能训练中，特征提取的主要方法是手工设计特征。;"【标准答案】×

【v2答案】×
【PDF官方答案】×

【DeepSeek答案】×
【个人答案】×

【题目】
在智能训练中，特征提取的主要方法是手工设计特征。

【判断理由】
智能训练中会采用自动特征学习等方法，并非只靠手工设计特征。
【本题答案】×（以PDF官方题库为准）"
【判断题】学习率是影响模型训练效果的关键因素之一，较大的学习率会导致模型收敛速度加快，但可能会导致模型无法收敛。;"【标准答案】√

【v2答案】√
【PDF官方答案】√

【DeepSeek答案】√
【个人答案】√

【题目】
学习率是影响模型训练效果的关键因素之一，较大的学习率会导致模型收敛速度加快，但可能会导致模型无法收敛。

【判断理由】
学习率过大虽加快收敛但可能无法收敛，说法正确。
【本题答案】√（以PDF官方题库为准）"
【判断题】数据预处理的主要目标之一是提高模型的预测性能。;"【标准答案】√

【v2答案】√
【PDF官方答案】√

【DeepSeek答案】√
【个人答案】√

【题目】
数据预处理的主要目标之一是提高模型的预测性能。

【判断理由】
数据预处理的重要目标之一是提升模型预测性能，说法正确。
【本题答案】√（以PDF官方题库为准）"
【判断题】在图像数据集中添加随机噪声被视为一种数据增强方法。;"【标准答案】√

【v2答案】√
【PDF官方答案】√

【DeepSeek答案】√
【个人答案】√

【题目】
在图像数据集中添加随机噪声被视为一种数据增强方法。

【判断理由】
添加随机噪声属于数据增强方法，说法正确。
【本题答案】√（以PDF官方题库为准）"
【判断题】数据分片是将一个大型数据库或数据仓库分割成更小、更易管理的部分的过程。;"【标准答案】√

【v2答案】√
【PDF官方答案】√

【DeepSeek答案】√
【个人答案】√

【题目】
数据分片是将一个大型数据库或数据仓库分割成更小、更易管理的部分的过程。

【判断理由】
数据分片是把大型数据库/仓库分割成更小更易管理的部分，说法正确。
【本题答案】√（以PDF官方题库为准）"
【判断题】在数据标注过程中，主动学习可以用来选择最有价值的未标注数据进行人工标注。;"【标准答案】√

【v2答案】√
【PDF官方答案】√

【DeepSeek答案】√
【个人答案】√

【题目】
在数据标注过程中，主动学习可以用来选择最有价值的未标注数据进行人工标注。

【判断理由】
主动学习可选择最有价值的未标注数据供人工标注，说法正确。
【本题答案】√（以PDF官方题库为准）"
【判断题】在计算模型评估指标时，我们需要使用训练集和测试集的数据来计算准确率。;"【标准答案】×

【v2答案】×
【PDF官方答案】×

【DeepSeek答案】√
【个人答案】×

【题目】
在计算模型评估指标时，我们需要使用训练集和测试集的数据来计算准确率。

【判断理由】
评估指标计算应主要用测试集，而不是用训练集算准确率。
【本题答案】×（以PDF官方题库为准）"
【判断题】模型评估指标的选择应该基于问题的具体需求和目标。;"【标准答案】√

【v2答案】√
【PDF官方答案】√

【DeepSeek答案】√
【个人答案】√

【题目】
模型评估指标的选择应该基于问题的具体需求和目标。

【判断理由】
模型评估指标应根据具体需求和目标选择，说法正确。
【本题答案】√（以PDF官方题库为准）"
【判断题】TensorFlow和PyTorch都是开源的机器学习库，它们都可以用于深度学习任务。;"【标准答案】√

【v2答案】√
【PDF官方答案】√

【DeepSeek答案】√
【个人答案】√

【题目】
TensorFlow和PyTorch都是开源的机器学习库，它们都可以用于深度学习任务。

【判断理由】
TensorFlow与PyTorch都是开源深度学习库，说法正确。
【本题答案】√（以PDF官方题库为准）"
【判断题】NumPy库中的数组对象可以存储不同类型的数据，包括整数、浮点数、字符串等。;"【标准答案】×

【v2答案】×
【PDF官方答案】×

【DeepSeek答案】√
【个人答案】×

【题目】
NumPy库中的数组对象可以存储不同类型的数据，包括整数、浮点数、字符串等。

【判断理由】
NumPy数组通常要求元素类型一致，不能直接混合存储“不同类型”。
【本题答案】×（以PDF官方题库为准）"
【判断题】在设计数据收集任务时，应该尽量避免引入偏差，以确保数据的代表性和质量。;"【标准答案】√

【v2答案】√
【PDF官方答案】√

【DeepSeek答案】√
【个人答案】√

【题目】
在设计数据收集任务时，应该尽量避免引入偏差，以确保数据的代表性和质量。

【判断理由】
设计数据收集任务应避免引入偏差，保证代表性与质量，说法正确。
【本题答案】√（以PDF官方题库为准）"
【判断题】所有的自动化标注工具都能保证100%的准确性，无需人工审核或后处理。;"【标准答案】×

【v2答案】×
【PDF官方答案】×

【DeepSeek答案】×
【个人答案】×

【题目】
所有的自动化标注工具都能保证100%的准确性，无需人工审核或后处理。

【判断理由】
自动化标注工具并不能保证100%准确，仍需要人工审核或后处理。
【本题答案】×（以PDF官方题库为准）"
【判断题】数据预处理通常包括转换原始数据为一种更适合机器学习模型处理的格式。;"【标准答案】√

【v2答案】√
【PDF官方答案】√

【DeepSeek答案】√
【个人答案】√

【题目】
数据预处理通常包括转换原始数据为一种更适合机器学习模型处理的格式。

【判断理由】
数据预处理常将原始数据转换为适合模型处理的格式，说法正确。
【本题答案】√（以PDF官方题库为准）"
【判断题】线性回归是一种用于解决分类问题的方法。;"【标准答案】×

【v2答案】×
【PDF官方答案】×

【DeepSeek答案】×
【个人答案】×

【题目】
线性回归是一种用于解决分类问题的方法。

【判断理由】
线性回归用于回归问题而非分类问题。
【本题答案】×（以PDF官方题库为准）"
【判断题】模型训练和验证工具的原理是通过不断调整模型的参数来最小化损失函数，从而提高模型的预测准确性。;"【标准答案】√

【v2答案】√
【PDF官方答案】√

【DeepSeek答案】√
【个人答案】√

【题目】
模型训练和验证工具的原理是通过不断调整模型的参数来最小化损失函数，从而提高模型的预测准确性。

【判断理由】
模型训练与验证通过调整参数最小化损失函数提升准确性，说法正确。
【本题答案】√（以PDF官方题库为准）"
【判断题】所有的自动化模型训练工具都使用相同的超参数优化策略。;"【标准答案】×

【v2答案】×
【PDF官方答案】×

【DeepSeek答案】×
【个人答案】×

【题目】
所有的自动化模型训练工具都使用相同的超参数优化策略。

【判断理由】
不同自动化训练工具的超参数优化策略并不完全相同。
【本题答案】×（以PDF官方题库为准）"
【判断题】日志分析工具仅用于记录系统的错误信息。;"【标准答案】×

【v2答案】×
【PDF官方答案】×

【DeepSeek答案】×
【个人答案】×

【题目】
日志分析工具仅用于记录系统的错误信息。

【判断理由】
日志分析工具并非仅记录错误信息，还用于分析运行状态等。
【本题答案】×（以PDF官方题库为准）"
【判断题】生成对抗网络中的生成器和判别器是同步训练的。;"【标准答案】√

【v2答案】√
【PDF官方答案】√

【DeepSeek答案】√
【个人答案】√

【题目】
生成对抗网络中的生成器和判别器是同步训练的。

【判断理由】
生成对抗网络的生成器与判别器是同步（对抗）训练的，说法正确。
【本题答案】√（以PDF官方题库为准）"
【判断题】人工智能训练师使用Python或R进行智能训练数据处理时，主要依赖于这些编程语言提供的数据处理和机器学习库，以及其支持的数据可视化和预处理方法。;"【标准答案】√

【v2答案】√
【PDF官方答案】√

【DeepSeek答案】√
【个人答案】?

【题目】
人工智能训练师使用Python或R进行智能训练数据处理时，主要依赖于这些编程语言提供的数据处理和机器学习库，以及其支持的数据可视化和预处理方法。

【判断理由】
Python或R依赖其数据处理、机器学习库完成智能训练数据处理，说法正确。
【本题答案】√（以PDF官方题库为准）"
【判断题】模型部署工具的原理是将训练好的模型转换为可执行程序，以便在实际应用中使用。;"【标准答案】√

【v2答案】√
【PDF官方答案】√

【DeepSeek答案】√
【个人答案】√

【题目】
模型部署工具的原理是将训练好的模型转换为可执行程序，以便在实际应用中使用。

【判断理由】
模型部署工具把训练模型转换为可执行程序以供实际应用，说法正确。
【本题答案】√（以PDF官方题库为准）"
【判断题】数据探索分析是指对数据进行收集、整理、清洗和转换的过程。;"【标准答案】×

【v2答案】×
【PDF官方答案】×

【DeepSeek答案】×
【个人答案】×

【题目】
数据探索分析是指对数据进行收集、整理、清洗和转换的过程。

【判断理由】
数据探索是对数据进行可视化与统计了解，而非收集整理清洗转换。
【本题答案】×（以PDF官方题库为准）"
【判断题】数据探索分析旨在通过初步的图表、图形和统计方法来了解和发现数据的基本特征和结构。;"【标准答案】√

【v2答案】√
【PDF官方答案】√

【DeepSeek答案】√
【个人答案】√

【题目】
数据探索分析旨在通过初步的图表、图形和统计方法来了解和发现数据的基本特征和结构。

【判断理由】
数据探索通过图表、统计方法了解数据基本特征与结构，说法正确。
【本题答案】√（以PDF官方题库为准）"
【判断题】缺失值处理方法中的删除法是指直接删除含有缺失值的记录。;"【标准答案】√

【v2答案】√
【PDF官方答案】√

【DeepSeek答案】√
【个人答案】√

【题目】
缺失值处理方法中的删除法是指直接删除含有缺失值的记录。

【判断理由】
删除法指直接删除含缺失值的记录，说法正确。
【本题答案】√（以PDF官方题库为准）"
【判断题】当数据集中存在缺失值时，我们应该直接删除这些数据点。;"【标准答案】×

【v2答案】×
【PDF官方答案】×

【DeepSeek答案】×
【个人答案】×

【题目】
当数据集中存在缺失值时，我们应该直接删除这些数据点。

【判断理由】
数据存在缺失值时，应视情况处理，不宜一律直接删除。
【本题答案】×（以PDF官方题库为准）"
【判断题】在Python中，使用箱型图法检测异常值时，任何位于箱型图外的点都应被视为异常值并从数据集中删除。;"【标准答案】×

【v2答案】×
【PDF官方答案】×

【DeepSeek答案】×
【个人答案】×

【题目】
在Python中，使用箱型图法检测异常值时，任何位于箱型图外的点都应被视为异常值并从数据集中删除。

【判断理由】
箱型图外的点并非一律视为异常值并删除，还需结合业务判断。
【本题答案】×（以PDF官方题库为准）"
【判断题】异常值检测的原理完全基于统计学方法，与数据的业务逻辑无关。;"【标准答案】×

【v2答案】×
【PDF官方答案】×

【DeepSeek答案】×
【个人答案】×

【题目】
异常值检测的原理完全基于统计学方法，与数据的业务逻辑无关。

【判断理由】
异常值检测还须结合业务逻辑，并非完全基于统计学方法。
【本题答案】×（以PDF官方题库为准）"
【判断题】噪声数据处理技术只能用于消除图像中的噪声。;"【标准答案】×

【v2答案】×
【PDF官方答案】×

【DeepSeek答案】×
【个人答案】×

【题目】
噪声数据处理技术只能用于消除图像中的噪声。

【判断理由】
噪声数据处理技术不只用于图像，也用于信号、文本等领域。
【本题答案】×（以PDF官方题库为准）"
【判断题】数据去重技术主要是通过哈希表来实现的。;"【标准答案】√

【v2答案】√
【PDF官方答案】√

【DeepSeek答案】√
【个人答案】√

【题目】
数据去重技术主要是通过哈希表来实现的。

【判断理由】
数据去重常通过哈希表等技术实现，说法正确。
【本题答案】√（以PDF官方题库为准）"
【判断题】数据归一化处理的目的是为了改变数据的类型，使其能够适配不同的机器学习算法。;"【标准答案】×

【v2答案】×
【PDF官方答案】×

【DeepSeek答案】×
【个人答案】×

【题目】
数据归一化处理的目的是为了改变数据的类型，使其能够适配不同的机器学习算法。

【判断理由】
数据归一化目的是使数据落在统一尺度，而非改变数据类型。
【本题答案】×（以PDF官方题库为准）"
【判断题】数据白化处理通常是指一种特殊的归一化技术，它不仅缩放数据使其具有单位方差，还使数据特征之间相互独立，数据白化处理常用于图像处理、语音信号处理和机器学习领域。;"【标准答案】√

【v2答案】√
【PDF官方答案】√

【DeepSeek答案】√
【个人答案】?

【题目】
数据白化处理通常是指一种特殊的归一化技术，它不仅缩放数据使其具有单位方差，还使数据特征之间相互独立，数据白化处理常用于图像处理、语音信号处理和机器学习领域。

【判断理由】
数据白化缩放数据且使特征相互独立，常用于图像、语音等领域，说法正确。
【本题答案】√（以PDF官方题库为准）"
【判断题】特征工程是指从原始数据中提取、转换和构建有助于提高模型性能的特征的过程。;"【标准答案】√

【v2答案】√
【PDF官方答案】√

【DeepSeek答案】√
【个人答案】√

【题目】
特征工程是指从原始数据中提取、转换和构建有助于提高模型性能的特征的过程。

【判断理由】
特征工程是提取、转换、构建有助于提升模型性能特征的过程，说法正确。
【本题答案】√（以PDF官方题库为准）"
【判断题】在选择数据标注工具时，应该首先考虑工具的价格，而不是它支持的标注类型或与现有工作流的集成性。;"【标准答案】×

【v2答案】×
【PDF官方答案】×

【DeepSeek答案】×
【个人答案】×

【题目】
在选择数据标注工具时，应该首先考虑工具的价格，而不是它支持的标注类型或与现有工作流的集成性。

【判断理由】
选择标注工具应优先考虑标注类型和工作流集成，而非只图便宜。
【本题答案】×（以PDF官方题库为准）"
【判断题】数据标注技术主要依赖于人工进行标注，因此成本较高。;"【标准答案】√

【v2答案】√
【PDF官方答案】√

【DeepSeek答案】√
【个人答案】√

【题目】
数据标注技术主要依赖于人工进行标注，因此成本较高。

【判断理由】
数据标注技术多依赖人工标注，成本较高，说法正确。
【本题答案】√（以PDF官方题库为准）"
【判断题】在机器学习项目中，训练集、验证集和测试集的划分并不是一成不变的。;"【标准答案】√

【v2答案】√
【PDF官方答案】√

【DeepSeek答案】√
【个人答案】√

【题目】
在机器学习项目中，训练集、验证集和测试集的划分并不是一成不变的。

【判断理由】
训练、验证、测试集的划分并非一成不变，说法正确。
【本题答案】√（以PDF官方题库为准）"
【判断题】自动化标注的主要优势在于减少了人为错误，但并不包括提高效率和降低成本。;"【标准答案】×

【v2答案】×
【PDF官方答案】×

【DeepSeek答案】×
【个人答案】×

【题目】
自动化标注的主要优势在于减少了人为错误，但并不包括提高效率和降低成本。

【判断理由】
自动化标注既可减少错误，也能提高效率和降低成本。
【本题答案】×（以PDF官方题库为准）"
【判断题】分布式数据处理是指在多台计算机上并行处理数据的技术。;"【标准答案】√

【v2答案】√
【PDF官方答案】√

【DeepSeek答案】√
【个人答案】√

【题目】
分布式数据处理是指在多台计算机上并行处理数据的技术。

【判断理由】
分布式数据处理是在多台计算机上并行处理数据的技术，说法正确。
【本题答案】√（以PDF官方题库为准）"
【判断题】数据可追溯性是指在数据处理和分析过程中，能够追踪数据的来源、流动路径以及数据在各个阶段所经历的处理和转换的能力。;"【标准答案】√

【v2答案】√
【PDF官方答案】√

【DeepSeek答案】√
【个人答案】?

【题目】
数据可追溯性是指在数据处理和分析过程中，能够追踪数据的来源、流动路径以及数据在各个阶段所经历的处理和转换的能力。

【判断理由】
数据可追溯性指能追踪数据来源、流动路径及处理转换过程，说法正确。
【本题答案】√（以PDF官方题库为准）"
【判断题】数据可追溯性确保了数据的完整性、透明度和责任性，对于数据的质量和可信度至关重要。;"【标准答案】√

【v2答案】√
【PDF官方答案】√

【DeepSeek答案】√
【个人答案】√

【题目】
数据可追溯性确保了数据的完整性、透明度和责任性，对于数据的质量和可信度至关重要。

【判断理由】
数据可追溯性保障完整性、透明度与责任性，对质量可信度至关重要，说法正确。
【本题答案】√（以PDF官方题库为准）"
【判断题】表格类数据的数据清洗和标注的第一步是对数据进行预处理，包括去除重复值、缺失值处理和异常值处理。;"【标准答案】√

【v2答案】√
【PDF官方答案】√

【DeepSeek答案】√
【个人答案】√

【题目】
表格类数据的数据清洗和标注的第一步是对数据进行预处理，包括去除重复值、缺失值处理和异常值处理。

【判断理由】
表格类数据清洗第一步包括预处理去除重复、缺失与异常，说法正确。
【本题答案】√（以PDF官方题库为准）"
【判断题】在Python中，可以使用Pillow库读取、保存或显示图像。;"【标准答案】√

【v2答案】√
【PDF官方答案】√

【DeepSeek答案】√
【个人答案】√

【题目】
在Python中，可以使用Pillow库读取、保存或显示图像。

【判断理由】
Python可用Pillow库读取、保存、显示图像，说法正确。
【本题答案】√（以PDF官方题库为准）"
【判断题】在进行文本类数据清洗和标注时，规则与流程是固定不变的，适用于所有类型的文本数据。;"【标准答案】×

【v2答案】×
【PDF官方答案】×

【DeepSeek答案】×
【个人答案】×

【题目】
在进行文本类数据清洗和标注时，规则与流程是固定不变的，适用于所有类型的文本数据。

【判断理由】
文本数据清洗规则与流程应因数据类型而异，并非固定不变。
【本题答案】×（以PDF官方题库为准）"
【判断题】对图像或视频数据进行精确的标记和注释，以提供机器学习模型训练所需的信息。标注类型可能包括边界框、多边形、语义分割等。;"【标准答案】√

【v2答案】√
【PDF官方答案】√

【DeepSeek答案】√
【个人答案】?

【题目】
对图像或视频数据进行精确的标记和注释，以提供机器学习模型训练所需的信息。标注类型可能包括边界框、多边形、语义分割等。

【判断理由】
对图像/视频精确标记可为模型训练提供所需信息，例如边界框、多边形等，说法正确。
【本题答案】√（以PDF官方题库为准）"
【判断题】算法训练的基本流程通常包括这些步骤：数据预处理、数据分割、选择模型、模型训练、模型评估和模型优化。;"【标准答案】√

【v2答案】√
【PDF官方答案】√

【DeepSeek答案】√
【个人答案】√

【题目】
算法训练的基本流程通常包括这些步骤：数据预处理、数据分割、选择模型、模型训练、模型评估和模型优化。

【判断理由】
算法训练基本流程包括预处理、分割、选模型、训练、评估、优化，说法正确。
【本题答案】√（以PDF官方题库为准）"
【判断题】数据集划分的原则是将数据集按照一定比例随机划分为训练集、验证集和测试集。;"【标准答案】√

【v2答案】√
【PDF官方答案】√

【DeepSeek答案】√
【个人答案】√

【题目】
数据集划分的原则是将数据集按照一定比例随机划分为训练集、验证集和测试集。

【判断理由】
数据集按一定比例随机划分为训练、验证、测试集，说法正确。
【本题答案】√（以PDF官方题库为准）"
【判断题】使用Pandas库可以方便地加载和处理CSV、Excel和SQL等格式的数据。;"【标准答案】√

【v2答案】√
【PDF官方答案】√

【DeepSeek答案】√
【个人答案】√

【题目】
使用Pandas库可以方便地加载和处理CSV、Excel和SQL等格式的数据。

【判断理由】
Pandas可方便加载处理CSV、Excel、SQL等数据，说法正确。
【本题答案】√（以PDF官方题库为准）"
【判断题】降维技术可以将高维数据集映射到低维空间，同时保留数据的主要信息。;"【标准答案】√

【v2答案】√
【PDF官方答案】√

【DeepSeek答案】√
【个人答案】√

【题目】
降维技术可以将高维数据集映射到低维空间，同时保留数据的主要信息。

【判断理由】
降维可将高维映射到低维并保留主要信息，说法正确。
【本题答案】√（以PDF官方题库为准）"
【判断题】使用数据标注和注释工具时，标注结果需要人工审核以确保准确性。;"【标准答案】√

【v2答案】√
【PDF官方答案】√

【DeepSeek答案】√
【个人答案】√

【题目】
使用数据标注和注释工具时，标注结果需要人工审核以确保准确性。

【判断理由】
标注结果需人工审核以确保准确性，说法正确。
【本题答案】√（以PDF官方题库为准）"
【判断题】在模型训练过程中，训练数据集越大，模型训练出的准确率一定会越高。;"【标准答案】×

【v2答案】×
【PDF官方答案】×

【DeepSeek答案】×
【个人答案】×

【题目】
在模型训练过程中，训练数据集越大，模型训练出的准确率一定会越高。

【判断理由】
训练数据越大不一定准确率越高，过拟合等因素会影响效果。
【本题答案】×（以PDF官方题库为准）"
【判断题】损失函数的选择和优化算法的选取都需要根据具体的模型和任务来决定，它们共同决定了模型训练的效果和最终性能。;"【标准答案】√

【v2答案】√
【PDF官方答案】√

【DeepSeek答案】√
【个人答案】√

【题目】
损失函数的选择和优化算法的选取都需要根据具体的模型和任务来决定，它们共同决定了模型训练的效果和最终性能。

【判断理由】
损失函数与优化算法需按模型任务具体选择，共同决定训练效果，说法正确。
【本题答案】√（以PDF官方题库为准）"
【判断题】搭建算法训练环境时，只需要考虑计算硬件的性能，而无需考虑软件依赖和版本兼容性。;"【标准答案】×

【v2答案】×
【PDF官方答案】×

【DeepSeek答案】×
【个人答案】×

【题目】
搭建算法训练环境时，只需要考虑计算硬件的性能，而无需考虑软件依赖和版本兼容性。

【判断理由】
搭建训练环境还须考虑软件依赖和版本兼容性，不能只看硬件。
【本题答案】×（以PDF官方题库为准）"
【判断题】机器学习框架的选择与使用主要取决于开发者的个人喜好。;"【标准答案】×

【v2答案】×
【PDF官方答案】×

【DeepSeek答案】×
【个人答案】×

【题目】
机器学习框架的选择与使用主要取决于开发者的个人喜好。

【判断理由】
机器学习框架选择取决于项目需求与技术特点，而非个人偏好。
【本题答案】×（以PDF官方题库为准）"
【判断题】评估算法的效率，包括时间复杂度和空间复杂度分析，确保算法能够在可接受的时间内完成计算，并且资源消耗在合理范围内。;"【标准答案】√

【v2答案】√
【PDF官方答案】√

【DeepSeek答案】√
【个人答案】?

【题目】
评估算法的效率，包括时间复杂度和空间复杂度分析，确保算法能够在可接受的时间内完成计算，并且资源消耗在合理范围内。

【判断理由】
评估算法效率包括时间、空间复杂度分析，说法正确。
【本题答案】√（以PDF官方题库为准）"
【判断题】超参数调优的策略只有随机搜索。;"【标准答案】×

【v2答案】×
【PDF官方答案】×

【DeepSeek答案】×
【个人答案】×

【题目】
超参数调优的策略只有随机搜索。

【判断理由】
超参数调优策略还有网格搜索、贝叶斯优化等，不止随机搜索。
【本题答案】×（以PDF官方题库为准）"
【判断题】动态监控工具通常能够实时显示模型训练过程中的多种指标，包括但不限于损失函数值、准确率、验证集上的表现等。这些指标对于评估模型的训练效果和调整训练策略至关重要。;"【标准答案】√

【v2答案】√
【PDF官方答案】√

【DeepSeek答案】√
【个人答案】?

【题目】
动态监控工具通常能够实时显示模型训练过程中的多种指标，包括但不限于损失函数值、准确率、验证集上的表现等。这些指标对于评估模型的训练效果和调整训练策略至关重要。

【判断理由】
动态监控工具可实时显示损失、准确率等训练指标，说法正确。
【本题答案】√（以PDF官方题库为准）"
【判断题】在模型调试过程中，可以通过观察训练集和验证集的损失函数值来判断模型是否过拟合或欠拟合。;"【标准答案】√

【v2答案】√
【PDF官方答案】√

【DeepSeek答案】√
【个人答案】√

【题目】
在模型调试过程中，可以通过观察训练集和验证集的损失函数值来判断模型是否过拟合或欠拟合。

【判断理由】
通过观察训练/验证损失可判断过拟合或欠拟合，说法正确。
【本题答案】√（以PDF官方题库为准）"
【判断题】算法测试的评价指标主要包括时间复杂度和空间复杂度。;"【标准答案】×

【v2答案】×
【PDF官方答案】×

【DeepSeek答案】×
【个人答案】×

【题目】
算法测试的评价指标主要包括时间复杂度和空间复杂度。

【判断理由】
算法的测试评价指标主要是准确率、精确率、召回率等，而非时间复杂度。
【本题答案】×（以PDF官方题库为准）"
【判断题】在将机器学习模型部署到生产环境时，模型部署只需要将训练好的模型文件上传到服务器，无需其他步骤。;"【标准答案】×

【v2答案】×
【PDF官方答案】×

【DeepSeek答案】×
【个人答案】×

【题目】
在将机器学习模型部署到生产环境时，模型部署只需要将训练好的模型文件上传到服务器，无需其他步骤。

【判断理由】
模型部署还需配置环境、依赖、接口等，不是只上传文件。
【本题答案】×（以PDF官方题库为准）"
【判断题】TensorFlowLite是一个用于在移动设备上部署机器学习模型的框架。;"【标准答案】√

【v2答案】√
【PDF官方答案】√

【DeepSeek答案】√
【个人答案】√

【题目】
TensorFlowLite是一个用于在移动设备上部署机器学习模型的框架。

【判断理由】
TensorFlow Lite用于在移动设备上部署机器学习模型，说法正确。
【本题答案】√（以PDF官方题库为准）"
【判断题】使用云平台可以降低企业的运营成本。;"【标准答案】√

【v2答案】√
【PDF官方答案】√

【DeepSeek答案】√
【个人答案】√

【题目】
使用云平台可以降低企业的运营成本。

【判断理由】
使用云平台可以降低企业运营成本，说法正确。
【本题答案】√（以PDF官方题库为准）"
【判断题】容器化技术是一种将应用程序及其依赖项打包在一起的方法，以便在不同的环境中轻松部署和运行。;"【标准答案】√

【v2答案】√
【PDF官方答案】√

【DeepSeek答案】√
【个人答案】√

【题目】
容器化技术是一种将应用程序及其依赖项打包在一起的方法，以便在不同的环境中轻松部署和运行。

【判断理由】
容器化技术把应用与依赖打包以便部署运行，说法正确。
【本题答案】√（以PDF官方题库为准）"
【判断题】容器化技术与虚拟机技术相比，容器化技术并不提供操作系统级隔离，而是共享宿主机的操作系统内核。每个容器在逻辑上是隔离的，但并非每个容器都运行在自己的操作系统内核上。;"【标准答案】×

【v2答案】×
【PDF官方答案】×

【DeepSeek答案】×
【个人答案】?

【题目】
容器化技术与虚拟机技术相比，容器化技术并不提供操作系统级隔离，而是共享宿主机的操作系统内核。每个容器在逻辑上是隔离的，但并非每个容器都运行在自己的操作系统内核上。

【判断理由】
容器共享宿主操作系统内核，并非每个容器运行自己的内核，说法正确。
【本题答案】×（以PDF官方题库为准）"
【判断题】在人工智能项目中，选择数据处理框架时，框架的性能和扩展性同样重要，甚至在某些情况下可能更为重要，特别是在处理大规模数据集时。;"【标准答案】√

【v2答案】√
【PDF官方答案】√

【DeepSeek答案】×
【个人答案】?

【题目】
在人工智能项目中，选择数据处理框架时，框架的性能和扩展性同样重要，甚至在某些情况下可能更为重要，特别是在处理大规模数据集时。

【判断理由】
选择数据处理框架时性能与扩展性同样重要，说法正确。
【本题答案】√（以PDF官方题库为准）"
【判断题】在高性能计算HPC环境中，将所有计算节点配置为相同的任务类型可能不是最优选择，因为不同的任务可能对计算资源有不同的需求。更合理的做法是根据任务需求来分配资源。;"【标准答案】√

【v2答案】√
【PDF官方答案】√

【DeepSeek答案】×
【个人答案】?

【题目】
在高性能计算HPC环境中，将所有计算节点配置为相同的任务类型可能不是最优选择，因为不同的任务可能对计算资源有不同的需求。更合理的做法是根据任务需求来分配资源。

【判断理由】
HPC中按任务需求分配资源更合理，并非都配置相同任务，说法正确。
【本题答案】√（以PDF官方题库为准）"
【判断题】性能监控工具可以辅助发现系统中的瓶颈和问题，但通常需要人工干预来进一步分析和解决这些问题。;"【标准答案】√

【v2答案】√
【PDF官方答案】√

【DeepSeek答案】×
【个人答案】√

【题目】
性能监控工具可以辅助发现系统中的瓶颈和问题，但通常需要人工干预来进一步分析和解决这些问题。

【判断理由】
性能监控工具辅助发现问题，通常还需人工分析解决，说法正确。
【本题答案】√（以PDF官方题库为准）"
【判断题】在设计人工智能系统的测试用例时，确保测试用例的全面性确实比确保它们的执行效率更重要，因为全面的测试用例能够更全面地覆盖系统的功能和边界情况。;"【标准答案】√

【v2答案】√
【PDF官方答案】√

【DeepSeek答案】√
【个人答案】?

【题目】
在设计人工智能系统的测试用例时，确保测试用例的全面性确实比确保它们的执行效率更重要，因为全面的测试用例能够更全面地覆盖系统的功能和边界情况。

【判断理由】
测试用例全面性比执行效率更重要，能更好覆盖功能，说法正确。
【本题答案】√（以PDF官方题库为准）"
【判断题】人工智能测试的目的在一定程度上可以识别并解决模型可能存在的偏差，确保AI系统的决策过程是公正和无歧视的。;"【标准答案】√

【v2答案】√
【PDF官方答案】√

【DeepSeek答案】√
【个人答案】√

【题目】
人工智能测试的目的在一定程度上可以识别并解决模型可能存在的偏差，确保AI系统的决策过程是公正和无歧视的。

【判断理由】
AI测试能识别并解决模型偏差，保障公正无歧视，说法正确。
【本题答案】√（以PDF官方题库为准）"
【判断题】人工智能测试工具的类型不仅仅包括黑盒测试，还包括白盒测试、灰盒测试等多种类型。;"【标准答案】√

【v2答案】√
【PDF官方答案】√

【DeepSeek答案】×
【个人答案】√

【题目】
人工智能测试工具的类型不仅仅包括黑盒测试，还包括白盒测试、灰盒测试等多种类型。

【判断理由】
AI测试工具除黑盒外还包含白盒、灰盒等，说法正确。
【本题答案】√（以PDF官方题库为准）"
【判断题】在选择测试框架时，除了考虑是否支持自动化测试外，还需要考虑框架的易用性、灵活性、扩展性、社区支持等因素。;"【标准答案】×

【v2答案】×
【PDF官方答案】×

【DeepSeek答案】×
【个人答案】×

【题目】
在选择测试框架时，除了考虑是否支持自动化测试外，还需要考虑框架的易用性、灵活性、扩展性、社区支持等因素。

【判断理由】
当前表述自相矛盾，选择测试框架时除了自动化还需考虑易用性等，表述不成立。
【本题答案】×（以PDF官方题库为准）"
【判断题】在人工智能项目的测试过程中，自动化测试虽然非常重要，但并不能完全取代手动测试。因为有些测试场景可能难以自动化，或者需要人工判断测试结果。;"【标准答案】√

【v2答案】√
【PDF官方答案】√

【DeepSeek答案】×
【个人答案】?

【题目】
在人工智能项目的测试过程中，自动化测试虽然非常重要，但并不能完全取代手动测试。因为有些测试场景可能难以自动化，或者需要人工判断测试结果。

【判断理由】
自动化测试不能完全取代手动测试，说法正确。
【本题答案】√（以PDF官方题库为准）"
【判断题】算法性能指标的监控可以帮助我们了解算法的实际运行情况，从而优化算法设计。;"【标准答案】√

【v2答案】√
【PDF官方答案】√

【DeepSeek答案】√
【个人答案】√

【题目】
算法性能指标的监控可以帮助我们了解算法的实际运行情况，从而优化算法设计。

【判断理由】
监控算法性能指标有助于了解运行情况、优化设计，说法正确。
【本题答案】√（以PDF官方题库为准）"
【判断题】交叉验证是一种强大的统计技术，可以用来确保模型评估结果的稳定性和可靠性，特别是在数据量有限的情况下。;"【标准答案】√

【v2答案】√
【PDF官方答案】√

【DeepSeek答案】√
【个人答案】√

【题目】
交叉验证是一种强大的统计技术，可以用来确保模型评估结果的稳定性和可靠性，特别是在数据量有限的情况下。

【判断理由】
交叉验证能提升模型评估稳定性与可靠性，说法正确。
【本题答案】√（以PDF官方题库为准）"
【判断题】算法鲁棒性测试不仅关注算法在面对特定类型的数据异常时的表现，还关注算法在更广泛的数据变化范围内的稳定性和可靠性。;"【标准答案】√

【v2答案】√
【PDF官方答案】√

【DeepSeek答案】×
【个人答案】√

【题目】
算法鲁棒性测试不仅关注算法在面对特定类型的数据异常时的表现，还关注算法在更广泛的数据变化范围内的稳定性和可靠性。

【判断理由】
算法鲁棒性测试关注更广泛数据变化下的稳定性，说法正确。
【本题答案】√（以PDF官方题库为准）"
【判断题】算法安全性测试的结果确实可以用来指导算法的改进和优化，以提高算法的安全性和鲁棒性。;"【标准答案】√

【v2答案】√
【PDF官方答案】√

【DeepSeek答案】√
【个人答案】√

【题目】
算法安全性测试的结果确实可以用来指导算法的改进和优化，以提高算法的安全性和鲁棒性。

【判断理由】
算法安全性测试结果可指导算法改进优化，说法正确。
【本题答案】√（以PDF官方题库为准）"
【判断题】算法可解释性与透明度测试是确保人工智能系统决策过程能够被用户、开发者和监管机构理解和信任的重要方面。;"【标准答案】√

【v2答案】√
【PDF官方答案】√

【DeepSeek答案】√
【个人答案】√

【题目】
算法可解释性与透明度测试是确保人工智能系统决策过程能够被用户、开发者和监管机构理解和信任的重要方面。

【判断理由】
可解释性与透明度测试是确保AI决策可被理解信任的重要方面，说法正确。
【本题答案】√（以PDF官方题库为准）"
【判断题】在进行数据多样性与公平性测试时，我们不仅需要关注数据集中是否存在偏见，还需要关注算法在处理不同群体时的表现是否公正无歧视。;"【标准答案】×

【v2答案】×
【PDF官方答案】×

【DeepSeek答案】×
【个人答案】?

【题目】
在进行数据多样性与公平性测试时，我们不仅需要关注数据集中是否存在偏见，还需要关注算法在处理不同群体时的表现是否公正无歧视。

【判断理由】
数据多样性与公平性测试还须关注算法对不同群体表现是否公正，说法正确。
【本题答案】×（以PDF官方题库为准）"
【判断题】k折交叉验证是一种评价训练数据的数据集泛化能力的统计方法，通过对数据集进行多次划分，对多次评估的结果取平均，从而消除单次划分时数据划分不平衡造成的不良影响。;"【标准答案】√

【v2答案】√
【PDF官方答案】√

【DeepSeek答案】√
【个人答案】?

【题目】
k折交叉验证是一种评价训练数据的数据集泛化能力的统计方法，通过对数据集进行多次划分，对多次评估的结果取平均，从而消除单次划分时数据划分不平衡造成的不良影响。

【判断理由】
新旧k折交叉验证通过对数据多次划分取平均消除评价偏差，说法正确。
【本题答案】√（以PDF官方题库为准）"
【判断题】收集和分析算法在生产环境中的性能数据是重要的，这有助于了解算法的实际表现，并进行必要的优化。;"【标准答案】√

【v2答案】√
【PDF官方答案】√

【DeepSeek答案】√
【个人答案】√

【题目】
收集和分析算法在生产环境中的性能数据是重要的，这有助于了解算法的实际表现，并进行必要的优化。

【判断理由】
收集分析生产环境性能数据有助于了解算法实际表现并进行优化，说法正确。
【本题答案】√（以PDF官方题库为准）"
【判断题】用户反馈集成可以帮助开发团队更好地理解用户需求，从而提高人工智能系统的满意度。;"【标准答案】√

【v2答案】√
【PDF官方答案】√

【DeepSeek答案】√
【个人答案】√

【题目】
用户反馈集成可以帮助开发团队更好地理解用户需求，从而提高人工智能系统的满意度。

【判断理由】
反馈集成能帮助理解用户需求、提升系统满意度，说法正确。
【本题答案】√（以PDF官方题库为准）"
【判断题】在进行算法测试结果的统计分析时，我们应该同时关注正例和负例的测试结果，以便更全面地评估算法的性能。;"【标准答案】×

【v2答案】×
【PDF官方答案】×

【DeepSeek答案】×
【个人答案】×

【题目】
在进行算法测试结果的统计分析时，我们应该同时关注正例和负例的测试结果，以便更全面地评估算法的性能。

【判断理由】
题干主张应先关注正例与负例以全面评估；按本题库官方答案该说法判为错误(×)，评估应以官方标答为准。
【本题答案】×（以PDF官方题库为准）"
【判断题】测试报告是一份重要的文档，它不仅记录了测试结果，还应该详细说明测试的方法、测试环境、测试用例、测试数据和测试过程中遇到的问题及解决方案。;"【标准答案】√

【v2答案】√
【PDF官方答案】√

【DeepSeek答案】√
【个人答案】?

【题目】
测试报告是一份重要的文档，它不仅记录了测试结果，还应该详细说明测试的方法、测试环境、测试用例、测试数据和测试过程中遇到的问题及解决方案。

【判断理由】
测试报告详述测试方法、环境、用例、数据及问题，说法正确。
【本题答案】√（以PDF官方题库为准）"
【判断题】在人工智能算法开发过程中，进行调试与问题定位时，应该逐步定位和修复问题，而不是在发现问题后立即重写整个算法。;"【标准答案】√

【v2答案】√
【PDF官方答案】√

【DeepSeek答案】×
【个人答案】?

【题目】
在人工智能算法开发过程中，进行调试与问题定位时，应该逐步定位和修复问题，而不是在发现问题后立即重写整个算法。

【判断理由】
调试时宜逐步定位修复，而非发现问题即重写整个算法，说法正确。
【本题答案】√（以PDF官方题库为准）"
【判断题】在人工智能算法的开发和测试中，通过可视化可以更直观地识别数据中的模式、异常值、偏差和噪声等，同时也能够更清楚地展示算法性能的变化趋势和潜在问题。;"【标准答案】√

【v2答案】√
【PDF官方答案】√

【DeepSeek答案】√
【个人答案】?

【题目】
在人工智能算法的开发和测试中，通过可视化可以更直观地识别数据中的模式、异常值、偏差和噪声等，同时也能够更清楚地展示算法性能的变化趋势和潜在问题。

【判断理由】
可视化能直观识别数据模式、异常偏差并展示算法性能趋势，说法正确。
【本题答案】√（以PDF官方题库为准）"
【判断题】日志分析工具通常需要具备实时处理能力，以便快速响应潜在的安全威胁或其他问题。;"【标准答案】√

【v2答案】√
【PDF官方答案】√

【DeepSeek答案】√
【个人答案】√

【题目】
日志分析工具通常需要具备实时处理能力，以便快速响应潜在的安全威胁或其他问题。

【判断理由】
日志分析工具常需实时处理以快速响应安全威胁，说法正确。
【本题答案】√（以PDF官方题库为准）"
【判断题】在进行算法测试实验管理时，使用统一的测试管理平台不仅可以提高测试效率，还可以帮助追踪和管理测试过程中的复杂依赖关系。;"【标准答案】√

【v2答案】√
【PDF官方答案】√

【DeepSeek答案】×
【个人答案】?

【题目】
在进行算法测试实验管理时，使用统一的测试管理平台不仅可以提高测试效率，还可以帮助追踪和管理测试过程中的复杂依赖关系。

【判断理由】
统一测试管理平台兼顾效率与复杂依赖追踪，说法正确。
【本题答案】√（以PDF官方题库为准）"
【判断题】在人工智能项目中，修复与迭代是一个持续的过程，通常不是简单地按部就班解决所有缺陷后再进行测试和迭代，而是需要不断地进行迭代和优化。;"【标准答案】√

【v2答案】√
【PDF官方答案】√

【DeepSeek答案】√
【个人答案】?

【题目】
在人工智能项目中，修复与迭代是一个持续的过程，通常不是简单地按部就班解决所有缺陷后再进行测试和迭代，而是需要不断地进行迭代和优化。

【判断理由】
AI项目修复与迭代是持续循环过程，不是一次性修完，说法正确。
【本题答案】√（以PDF官方题库为准）"
【判断题】合规性测试不仅需要验证软件产品是否符合行业标准和法律法规，还需要考虑产品的实际功能和性能是否满足用户需求。;"【标准答案】√

【v2答案】√
【PDF官方答案】√

【DeepSeek答案】×
【个人答案】?

【题目】
合规性测试不仅需要验证软件产品是否符合行业标准和法律法规，还需要考虑产品的实际功能和性能是否满足用户需求。

【判断理由】
合规性测试既符合标准法规，也须满足用户需求，说法正确。
【本题答案】√（以PDF官方题库为准）"
【判断题】利用并行计算和分布式系统可以显著提高算法的运行效率，尤其是对于那些可以分解为多个独立且可以并行处理的任务的算法。;"【标准答案】√

【v2答案】√
【PDF官方答案】√

【DeepSeek答案】√
【个人答案】?

【题目】
利用并行计算和分布式系统可以显著提高算法的运行效率，尤其是对于那些可以分解为多个独立且可以并行处理的任务的算法。

【判断理由】
并行计算与分布式系统可显著提高可分任务算法的运行效率，说法正确。
【本题答案】√（以PDF官方题库为准）"
【判断题】在进行伦理考量时，我们不能只关注自己的利益而忽视他人的利益。伦理考量需要综合考虑所有相关方的利益和权益。;"【标准答案】×

【v2答案】×
【PDF官方答案】×

【DeepSeek答案】×
【个人答案】×

【题目】
在进行伦理考量时，我们不能只关注自己的利益而忽视他人的利益。伦理考量需要综合考虑所有相关方的利益和权益。

【判断理由】
伦理考量应综合所有相关方利益，不能只关注自身，说法正确。
【本题答案】×（以PDF官方题库为准）"
【判断题】在人工智能算法训练中，数据拆解的基本方法确实包括随机拆分和分层拆分等。;"【标准答案】√

【v2答案】√
【PDF官方答案】√

【DeepSeek答案】√
【个人答案】√

【题目】
在人工智能算法训练中，数据拆解的基本方法确实包括随机拆分和分层拆分等。

【判断理由】
数据拆解基本方法包括随机拆分与分层拆分，说法正确。
【本题答案】√（以PDF官方题库为准）"
【判断题】数据拆解模型的原理并不是简单地将原始数据按照一定的规则进行拆分和重组，而是根据特定的目的（如特征提取、数据降维等）对数据进行处理和分析。;"【标准答案】√

【v2答案】√
【PDF官方答案】√

【DeepSeek答案】√
【个人答案】?

【题目】
数据拆解模型的原理并不是简单地将原始数据按照一定的规则进行拆分和重组，而是根据特定的目的（如特征提取、数据降维等）对数据进行处理和分析。

【判断理由】
数据拆解原理是根据特征提取、降维等目的处理分析数据，说法正确。
【本题答案】√（以PDF官方题库为准）"
【判断题】训练集、验证集和测试集的作用并不完全相同。训练集用于训练模型；验证集用于在训练过程中评估模型的性能，以便进行参数调优等；测试集则用于在模型训练完成后评估模型的最终性能。;"【标准答案】√

【v2答案】√
【PDF官方答案】√

【DeepSeek答案】×
【个人答案】?

【题目】
训练集、验证集和测试集的作用并不完全相同。训练集用于训练模型；验证集用于在训练过程中评估模型的性能，以便进行参数调优等；测试集则用于在模型训练完成后评估模型的最终性能。

【判断理由】
训练、验证、测试集作用不完全相同，说法正确。
【本题答案】√（以PDF官方题库为准）"
【判断题】主成分分析（PCA）是一种基于数据拆解的特征降维方法，它通过保留数据中的主要变异方向来降低数据的维度。;"【标准答案】√

【v2答案】√
【PDF官方答案】√

【DeepSeek答案】√
【个人答案】√

【题目】
主成分分析（PCA）是一种基于数据拆解的特征降维方法，它通过保留数据中的主要变异方向来降低数据的维度。

【判断理由】
PCA是基于数据拆解的特征降维，保留主要变异方向，说法正确。
【本题答案】√（以PDF官方题库为准）"
【判断题】基于统计的特征拆解及选择是一种常用的机器学习特征处理方法，它通过分析数据中的统计特性来选择对模型性能贡献较大的特征。;"【标准答案】√

【v2答案】√
【PDF官方答案】√

【DeepSeek答案】√
【个人答案】?

【题目】
基于统计的特征拆解及选择是一种常用的机器学习特征处理方法，它通过分析数据中的统计特性来选择对模型性能贡献较大的特征。

【判断理由】
基于统计的特征拆解选择分析特征统计特性以选贡献大的特征，说法正确。
【本题答案】√（以PDF官方题库为准）"
【判断题】在基于模型的特征选择中，递归特征消除RFE是一种包装器方法，它通过反复构建模型来选择特征子集。;"【标准答案】√

【v2答案】√
【PDF官方答案】√

【DeepSeek答案】√
【个人答案】√

【题目】
在基于模型的特征选择中，递归特征消除RFE是一种包装器方法，它通过反复构建模型来选择特征子集。

【判断理由】
递归特征消除RFE通过反复构建模型选择特征子集，是包装器方法，说法正确。
【本题答案】√（以PDF官方题库为准）"
【判断题】时间序列数据分割时，通常需要保持数据的连续性和时序性，不能简单地随机分割，否则可能会破坏数据的时序特性。;"【标准答案】×

【v2答案】×
【PDF官方答案】×

【DeepSeek答案】×
【个人答案】×

【题目】
时间序列数据分割时，通常需要保持数据的连续性和时序性，不能简单地随机分割，否则可能会破坏数据的时序特性。

【判断理由】
题干认为时间序列数据分割应保持连续性、不宜随机分割；按本题库官方答案该说法判为错误(×)，应采信官方结果。
【本题答案】×（以PDF官方题库为准）"
【判断题】在文本数据处理中，分词并不是所有语言的必要步骤。例如，对于某些非基于字母的语言（如中文），分词是必要的，但对于一些基于字母的语言（如英文），单词之间通常有空格分隔，因此分词不是必需的。;"【标准答案】√

【v2答案】√
【PDF官方答案】√

【DeepSeek答案】√
【个人答案】?

【题目】
在文本数据处理中，分词并不是所有语言的必要步骤。例如，对于某些非基于字母的语言（如中文），分词是必要的，但对于一些基于字母的语言（如英文），单词之间通常有空格分隔，因此分词不是必需的。

【判断理由】
分词并非所有语言必要，中文需分词而英文可由空格分隔，说法正确。
【本题答案】√（以PDF官方题库为准）"
【判断题】时间序列分析是一种预测方法，它可以通过分析历史数据来预测未来的天气情况。;"【标准答案】√

【v2答案】√
【PDF官方答案】√

【DeepSeek答案】√
【个人答案】√

【题目】
时间序列分析是一种预测方法，它可以通过分析历史数据来预测未来的天气情况。

【判断理由】
时间序列分析可通过历史数据预测未来天气等，说法正确。
【本题答案】√（以PDF官方题库为准）"
【判断题】在网络分析中，节点和边分别代表网络中的对象和它们之间的关系。;"【标准答案】√

【v2答案】√
【PDF官方答案】√

【DeepSeek答案】√
【个人答案】√

【题目】
在网络分析中，节点和边分别代表网络中的对象和它们之间的关系。

【判断理由】
网络分析中节点代表对象、边代表关系，说法正确。
【本题答案】√（以PDF官方题库为准）"
【判断题】社会网络分析不仅关注个体之间的社会联系，还关注网络结构对个体行为、信息传播等的影响。;"【标准答案】√

【v2答案】√
【PDF官方答案】√

【DeepSeek答案】√
【个人答案】√

【题目】
社会网络分析不仅关注个体之间的社会联系，还关注网络结构对个体行为、信息传播等的影响。

【判断理由】
社会网络分析还关注网络结构对个体行为、信息传播的影响，说法正确。
【本题答案】√（以PDF官方题库为准）"
【判断题】多维度数据分解的原理不仅适用于数值型数据，也适用于其他类型的数据，如文本、图像等。;"【标准答案】×

【v2答案】×
【PDF官方答案】×

【DeepSeek答案】×
【个人答案】×

【题目】
多维度数据分解的原理不仅适用于数值型数据，也适用于其他类型的数据，如文本、图像等。

【判断理由】
多维度数据分解对文本、图像等非数值型数据同样适用，说法正确。
【本题答案】×（以PDF官方题库为准）"
【判断题】多维度数据分解在图像处理等领域可以显著提高处理效率和准确性，因为它可以帮助我们更好地理解数据的内在结构和特征。;"【标准答案】√

【v2答案】√
【PDF官方答案】√

【DeepSeek答案】√
【个人答案】√

【题目】
多维度数据分解在图像处理等领域可以显著提高处理效率和准确性，因为它可以帮助我们更好地理解数据的内在结构和特征。

【判断理由】
多维度数据分解在图像处理等领域可提高效率与准确性，说法正确。
【本题答案】√（以PDF官方题库为准）"
【判断题】特征提取是指从原始数据中提取出对模型预测有帮助的特征。;"【标准答案】√

【v2答案】√
【PDF官方答案】√

【DeepSeek答案】√
【个人答案】√

【题目】
特征提取是指从原始数据中提取出对模型预测有帮助的特征。

【判断理由】
特征提取是从原始数据提取对预测有帮助的特征，说法正确。
【本题答案】√（以PDF官方题库为准）"
【判断题】在自然语言处理中，特征工程不仅用于文本数据的降维处理，还涉及许多其他方面，如词嵌入、词性标注等。;"【标准答案】√

【v2答案】√
【PDF官方答案】√

【DeepSeek答案】√
【个人答案】√

【题目】
在自然语言处理中，特征工程不仅用于文本数据的降维处理，还涉及许多其他方面，如词嵌入、词性标注等。

【判断理由】
特征工程还涉及词嵌入、词性标注等，不只用于降维，说法正确。
【本题答案】√（以PDF官方题库为准）"
【判断题】响应时间的优化是指在软件设计中减少程序执行所需的时间，以提高用户体验。;"【标准答案】√

【v2答案】√
【PDF官方答案】√

【DeepSeek答案】√
【个人答案】√

【题目】
响应时间的优化是指在软件设计中减少程序执行所需的时间，以提高用户体验。

【判断理由】
响应时间优化是减少程序执行时间以提升用户体验，说法正确。
【本题答案】√（以PDF官方题库为准）"
【判断题】在人工智能系统的训练过程中，人工智能训练师需要关注模型的安全性分析，以确保模型在实际应用中不会造成安全隐患。;"【标准答案】√

【v2答案】√
【PDF官方答案】√

【DeepSeek答案】√
【个人答案】?

【题目】
在人工智能系统的训练过程中，人工智能训练师需要关注模型的安全性分析，以确保模型在实际应用中不会造成安全隐患。

【判断理由】
训练师在训练中须关注模型安全性分析以防安全隐患，说法正确。
【本题答案】√（以PDF官方题库为准）"
【判断题】负载均衡是一种资源分配策略，用于确保系统中的各个服务器负载相对均衡，以提高系统的整体性能和稳定性。;"【标准答案】√

【v2答案】√
【PDF官方答案】√

【DeepSeek答案】√
【个人答案】√

【题目】
负载均衡是一种资源分配策略，用于确保系统中的各个服务器负载相对均衡，以提高系统的整体性能和稳定性。

【判断理由】
负载均衡使各服务器负载相对均衡、提升整体性能稳定性，说法正确。
【本题答案】√（以PDF官方题库为准）"
【判断题】数据预处理技术细节包括数据清洗、数据集成、数据变换和数据规约四个步骤。;"【标准答案】√

【v2答案】√
【PDF官方答案】√

【DeepSeek答案】√
【个人答案】√

【题目】
数据预处理技术细节包括数据清洗、数据集成、数据变换和数据规约四个步骤。

【判断理由】
数据预处理细节含清洗、集成、变换、规约四步骤，说法正确。
【本题答案】√（以PDF官方题库为准）"
【判断题】在数据分析过程中，数据清洗的主要目的是去除重复数据、处理缺失值和异常值等，以提高数据质量。;"【标准答案】√

【v2答案】√
【PDF官方答案】√

【DeepSeek答案】√
【个人答案】√

【题目】
在数据分析过程中，数据清洗的主要目的是去除重复数据、处理缺失值和异常值等，以提高数据质量。

【判断理由】
数据清洗目的去除重复、处理缺失异常以提升质量，说法正确。
【本题答案】√（以PDF官方题库为准）"
【判断题】使用交叉验证方法可以避免过拟合问题，因为它可以通过在不同的子集上训练模型来评估模型的泛化能力。;"【标准答案】√

【v2答案】√
【PDF官方答案】√

【DeepSeek答案】√
【个人答案】√

【题目】
使用交叉验证方法可以避免过拟合问题，因为它可以通过在不同的子集上训练模型来评估模型的泛化能力。

【判断理由】
研究表明交叉验证可评估模型泛化能力、避免过拟合，说法正确。
【本题答案】√（以PDF官方题库为准）"
【判断题】机器学习算法虽然可以辅助人类专家在某些领域的决策过程，但并不能完全替代人类专家的判断和决策。;"【标准答案】×

【v2答案】×
【PDF官方答案】×

【DeepSeek答案】×
【个人答案】×

【题目】
机器学习算法虽然可以辅助人类专家在某些领域的决策过程，但并不能完全替代人类专家的判断和决策。

【判断理由】
机器学习不可能完全替代人工智能专家的判断与决策，说法正确。
【本题答案】×（以PDF官方题库为准）"
【判断题】聚类分析是一种无监督学习方法，它主要用于发现数据集中的模式和结构，而不需要事先定义类别标签。;"【标准答案】√

【v2答案】√
【PDF官方答案】√

【DeepSeek答案】√
【个人答案】√

【题目】
聚类分析是一种无监督学习方法，它主要用于发现数据集中的模式和结构，而不需要事先定义类别标签。

【判断理由】
聚类是无监督学习，用于发现数据模式与结构，说法正确。
【本题答案】√（以PDF官方题库为准）"
【判断题】关联规则学习中的置信度是指包含项集A的事务中同时也包含项集B的比例，它衡量了规则的强度。;"【标准答案】√

【v2答案】√
【PDF官方答案】√

【DeepSeek答案】√
【个人答案】√

【题目】
关联规则学习中的置信度是指包含项集A的事务中同时也包含项集B的比例，它衡量了规则的强度。

【判断理由】
置信度是含A事务中同时含B的比例，衡量规则强度，说法正确。
【本题答案】√（以PDF官方题库为准）"
【判断题】线性回归模型是最常用的回归分析方法之一，它假设自变量和因变量之间存在线性关系。;"【标准答案】√

【v2答案】√
【PDF官方答案】√

【DeepSeek答案】√
【个人答案】√

【题目】
线性回归模型是最常用的回归分析方法之一，它假设自变量和因变量之间存在线性关系。

【判断理由】
线性回归假设自变量与因变量间存在线性关系，说法正确。
【本题答案】√（以PDF官方题库为准）"
【判断题】决策树的每个节点通常只有一个父节点（除了根节点没有父节点外），但可以有多个子节点。;"【标准答案】√

【v2答案】√
【PDF官方答案】√

【DeepSeek答案】√
【个人答案】√

【题目】
决策树的每个节点通常只有一个父节点（除了根节点没有父节点外），但可以有多个子节点。

【判断理由】
除根节点外决策树每个节点通常只有一个父节点，可有多个子节点，说法正确。
【本题答案】√（以PDF官方题库为准）"
【判断题】神经网络中的激活函数是用来引入非线性因素的，它使得神经网络能够学习复杂的非线性关系。;"【标准答案】√

【v2答案】√
【PDF官方答案】√

【DeepSeek答案】√
【个人答案】√

【题目】
神经网络中的激活函数是用来引入非线性因素的，它使得神经网络能够学习复杂的非线性关系。

【判断理由】
激活函数引入非线性，使神经网络可学习复杂非线性关系，说法正确。
【本题答案】√（以PDF官方题库为准）"
【判断题】在贝叶斯网络中，节点之间的依赖关系是通过概率分布来描述的，这使得我们可以量化节点之间的相关性。;"【标准答案】√

【v2答案】√
【PDF官方答案】√

【DeepSeek答案】√
【个人答案】√

【题目】
在贝叶斯网络中，节点之间的依赖关系是通过概率分布来描述的，这使得我们可以量化节点之间的相关性。

【判断理由】
贝叶斯网络通过概率分布描述节点依赖关系，说法正确。
【本题答案】√（以PDF官方题库为准）"
【判断题】集成学习方法的效果合成不仅仅是将多个模型的预测结果进行加权平均，还可以采用其他方式（如投票、堆叠等）来综合多个模型的预测结果。;"【标准答案】√

【v2答案】√
【PDF官方答案】√

【DeepSeek答案】√
【个人答案】?

【题目】
集成学习方法的效果合成不仅仅是将多个模型的预测结果进行加权平均，还可以采用其他方式（如投票、堆叠等）来综合多个模型的预测结果。

【判断理由】
集成学习效果合成不限于加权平均，还可投票、堆叠等，说法正确。
【本题答案】√（以PDF官方题库为准）"
【判断题】深度学习中的卷积神经网络CNN主要用于处理图像数据，而不是序列数据。虽然它也可以用于处理序列数据（如文本），但在处理图像数据时更为常见和有效。;"【标准答案】×

【v2答案】×
【PDF官方答案】×

【DeepSeek答案】×
【个人答案】?

【题目】
深度学习中的卷积神经网络CNN主要用于处理图像数据，而不是序列数据。虽然它也可以用于处理序列数据（如文本），但在处理图像数据时更为常见和有效。

【判断理由】
CNN主要处理图像数据，虽也能用于序列数据但图像更常见，说法正确。
【本题答案】×（以PDF官方题库为准）"
【判断题】在强化学习中，奖励信号应该始终与动作结果相关联，以便模型能够学习到正确的动作选择策略。;"【标准答案】√

【v2答案】√
【PDF官方答案】√

【DeepSeek答案】√
【个人答案】√

【题目】
在强化学习中，奖励信号应该始终与动作结果相关联，以便模型能够学习到正确的动作选择策略。

【判断理由】
强化学习中奖励信号应与动作结果相关联以学习正确策略，说法正确。
【本题答案】√（以PDF官方题库为准）"
【判断题】在文本分析中，词袋模型将文本表示为单词的集合（或向量），每个单词对应向量中的一个元素（或维度）。;"【标准答案】√

【v2答案】√
【PDF官方答案】√

【DeepSeek答案】√
【个人答案】√

【题目】
在文本分析中，词袋模型将文本表示为单词的集合（或向量），每个单词对应向量中的一个元素（或维度）。

【判断理由】
词袋模型将文本表示为单词集合/向量，说法正确。
【本题答案】√（以PDF官方题库为准）"
【判断题】时间序列分析不仅可以处理线性数据，还可以处理非线性数据。它通过分析时间序列数据中的模式和趋势来预测未来的值。;"【标准答案】√

【v2答案】√
【PDF官方答案】√

【DeepSeek答案】√
【个人答案】?

【题目】
时间序列分析不仅可以处理线性数据，还可以处理非线性数据。它通过分析时间序列数据中的模式和趋势来预测未来的值。

【判断理由】
时间序列分析可处理线性和非线性数据，说法正确。
【本题答案】√（以PDF官方题库为准）"
【判断题】主成分分析PCA是一种常用的维度约简技术，其基本思想是通过降低数据维度来保留主要信息（即减少信息损失的程度），而不是简单地减少信息损失。;"【标准答案】×

【v2答案】×
【PDF官方答案】×

【DeepSeek答案】×
【个人答案】?

【题目】
主成分分析PCA是一种常用的维度约简技术，其基本思想是通过降低数据维度来保留主要信息（即减少信息损失的程度），而不是简单地减少信息损失。

【判断理由】
PCA通过降低维度保留主要信息（减少信息损失），并非“不是减少”，表述前后矛盾。
【本题答案】×（以PDF官方题库为准）"
【判断题】异常值检测与处理是一种用于识别数据集中异常点的方法，它可以帮助我们提高数据的质量和可靠性。;"【标准答案】√

【v2答案】√
【PDF官方答案】√

【DeepSeek答案】√
【个人答案】√

【题目】
异常值检测与处理是一种用于识别数据集中异常点的方法，它可以帮助我们提高数据的质量和可靠性。

【判断理由】
异常值检测与处理可识别异常点、提升数据质量与可靠性，说法正确。
【本题答案】√（以PDF官方题库为准）"
【判断题】数据融合技术主要用于将多源异构数据集成为一个统一的数据源，以便进行综合分析和决策。;"【标准答案】√

【v2答案】√
【PDF官方答案】√

【DeepSeek答案】√
【个人答案】√

【题目】
数据融合技术主要用于将多源异构数据集成为一个统一的数据源，以便进行综合分析和决策。

【判断理由】
数据融合将多源异构数据集成统一数据源以利综合分析，说法正确。
【本题答案】√（以PDF官方题库为准）"
【判断题】智能解决方案设计旨在结合人工智能技术与特定领域需求，提供全面的解决方案来满足用户的实际需求。;"【标准答案】√

【v2答案】√
【PDF官方答案】√

【DeepSeek答案】√
【个人答案】√

【题目】
智能解决方案设计旨在结合人工智能技术与特定领域需求，提供全面的解决方案来满足用户的实际需求。

【判断理由】
智能解决方案设计结合AI与领域需求提供全面方案满足用户需求，说法正确。
【本题答案】√（以PDF官方题库为准）"
【判断题】用户需求分析是指识别和理解用户对产品或服务的需求和期望，以便设计出符合其预期的解决方案。;"【标准答案】√

【v2答案】√
【PDF官方答案】√

【DeepSeek答案】√
【个人答案】√

【题目】
用户需求分析是指识别和理解用户对产品或服务的需求和期望，以便设计出符合其预期的解决方案。

【判断理由】
用户需求分析是识别理解用户需求期望以设计符合预期的方案，说法正确。
【本题答案】√（以PDF官方题库为准）"
【判断题】产品功能规划是对产品功能的全面、系统、科学的规划，它具有全局性、前瞻性和创新性等特点。;"【标准答案】√

【v2答案】√
【PDF官方答案】√

【DeepSeek答案】√
【个人答案】√

【题目】
产品功能规划是对产品功能的全面、系统、科学的规划，它具有全局性、前瞻性和创新性等特点。

【判断理由】
产品功能规划是全面系统科学的规划，具有全局性、前瞻性、创新性，说法正确。
【本题答案】√（以PDF官方题库为准）"
【判断题】人工智能技术选型的原则不仅包括选择最新的技术以保持竞争优势，还包括考虑技术的成熟度、易用性、可扩展性、安全性等因素。;"【标准答案】√

【v2答案】√
【PDF官方答案】√

【DeepSeek答案】√
【个人答案】?

【题目】
人工智能技术选型的原则不仅包括选择最新的技术以保持竞争优势，还包括考虑技术的成熟度、易用性、可扩展性、安全性等因素。

【判断理由】
AI技术选型还考虑成熟度、易用性、可扩展性、安全等，不止最新技术，说法正确。
【本题答案】√（以PDF官方题库为准）"
【判断题】模型训练与验证的方法不仅包括交叉验证，还包括留出法、自助法等。;"【标准答案】√

【v2答案】√
【PDF官方答案】√

【DeepSeek答案】√
【个人答案】√

【题目】
模型训练与验证的方法不仅包括交叉验证，还包括留出法、自助法等。

【判断理由】
模型训练验证方法除交叉验证还有留出法、自助法，说法正确。
【本题答案】√（以PDF官方题库为准）"
【判断题】系统集成设计的规则主要包括尽量减少模块之间的依赖关系以提高系统的灵活性、可扩展性和可维护性等。;"【标准答案】√

【v2答案】√
【PDF官方答案】√

【DeepSeek答案】√
【个人答案】√

【题目】
系统集成设计的规则主要包括尽量减少模块之间的依赖关系以提高系统的灵活性、可扩展性和可维护性等。

【判断理由】
系统集成设计尽量减少模块依赖以提高系统灵活性可扩展性可维护性，说法正确。
【本题答案】√（以PDF官方题库为准）"
【判断题】用户界面设计UI不仅需要关注用户界面的美观性和易用性，还需要考虑性能优化以确保界面的响应速度和稳定性。;"【标准答案】√

【v2答案】√
【PDF官方答案】√

【DeepSeek答案】√
【个人答案】√

【题目】
用户界面设计UI不仅需要关注用户界面的美观性和易用性，还需要考虑性能优化以确保界面的响应速度和稳定性。

【判断理由】
UI设计还考虑性能优化以保证响应速度与稳定性，说法正确。
【本题答案】√（以PDF官方题库为准）"
【判断题】用户体验设计UX的原则强调在设计过程中始终关注用户的需求和体验，以提供更好的用户体验。;"【标准答案】√

【v2答案】√
【PDF官方答案】√

【DeepSeek答案】√
【个人答案】√

【题目】
用户体验设计UX的原则强调在设计过程中始终关注用户的需求和体验，以提供更好的用户体验。

【判断理由】
用户体验设计始终关注用户需求与体验，说法正确。
【本题答案】√（以PDF官方题库为准）"
【判断题】产品差异化设计旨在使产品在竞争激烈的市场中脱颖而出，吸引更多的用户关注和使用。;"【标准答案】√

【v2答案】√
【PDF官方答案】√

【DeepSeek答案】√
【个人答案】√

【题目】
产品差异化设计旨在使产品在竞争激烈的市场中脱颖而出，吸引更多的用户关注和使用。

【判断理由】
产品差异化设计使产品在市场中脱颖而出吸引用户，说法正确。
【本题答案】√（以PDF官方题库为准）"
【判断题】在设计软件时，必须考虑安全性问题以确保软件在实际应用中不会造成安全隐患。;"【标准答案】√

【v2答案】√
【PDF官方答案】√

【DeepSeek答案】√
【个人答案】√

【题目】
在设计软件时，必须考虑安全性问题以确保软件在实际应用中不会造成安全隐患。

【判断理由】
设计软件必须考虑安全性以防安全隐患，说法正确。
【本题答案】√（以PDF官方题库为准）"
【判断题】在云服务集成中，选择合适的云服务提供商以满足业务需求是一个关键策略。;"【标准答案】√

【v2答案】√
【PDF官方答案】√

【DeepSeek答案】√
【个人答案】√

【题目】
在云服务集成中，选择合适的云服务提供商以满足业务需求是一个关键策略。

【判断理由】
云服务集成中选择合适服务提供商以满足业务需求是关键策略，说法正确。
【本题答案】√（以PDF官方题库为准）"
【判断题】性能优化技术的原理不仅仅是通过减少程序中的冗余代码来提高程序的运行速度，还包括优化算法、数据结构、系统配置等多个方面。;"【标准答案】√

【v2答案】√
【PDF官方答案】√

【DeepSeek答案】√
【个人答案】?

【题目】
性能优化技术的原理不仅仅是通过减少程序中的冗余代码来提高程序的运行速度，还包括优化算法、数据结构、系统配置等多个方面。

【判断理由】
性能优化还包括优化算法、数据结构、系统配置等多方面，说法正确。
【本题答案】√（以PDF官方题库为准）"
【判断题】可扩展性设计旨在确保系统能够在不断增长的需求下保持高性能和稳定性。;"【标准答案】√

【v2答案】√
【PDF官方答案】√

【DeepSeek答案】√
【个人答案】√

【题目】
可扩展性设计旨在确保系统能够在不断增长的需求下保持高性能和稳定性。

【判断理由】
可扩展性设计确保系统在不断增长的需求下保持高性能稳定性，说法正确。
【本题答案】√（以PDF官方题库为准）"
【判断题】代码审计不仅关注代码的编写规范性，还关注代码的安全性、性能等方面对系统的影响。;"【标准答案】√

【v2答案】√
【PDF官方答案】√

【DeepSeek答案】√
【个人答案】√

【题目】
代码审计不仅关注代码的编写规范性，还关注代码的安全性、性能等方面对系统的影响。

【判断理由】
代码审计关注规范、安全、性能等多方面影响，说法正确。
【本题答案】√（以PDF官方题库为准）"
【判断题】企业在收集、存储和处理用户数据时，必须告知用户数据的用途和收集方式以遵守相关法律法规和隐私政策。;"【标准答案】√

【v2答案】√
【PDF官方答案】√

【DeepSeek答案】√
【个人答案】√

【题目】
企业在收集、存储和处理用户数据时，必须告知用户数据的用途和收集方式以遵守相关法律法规和隐私政策。

【判断理由】
收集处理用户数据须告知用途与方式以遵守法规与隐私政策，说法正确。
【本题答案】√（以PDF官方题库为准）"
【判断题】故障恢复策略的设计包括备份和恢复机制以确保在发生故障时能够及时恢复系统的正常运行。;"【标准答案】√

【v2答案】√
【PDF官方答案】√

【DeepSeek答案】√
【个人答案】√

【题目】
故障恢复策略的设计包括备份和恢复机制以确保在发生故障时能够及时恢复系统的正常运行。

【判断理由】
故障恢复策略含备份与恢复机制以保障及时恢复，说法正确。
【本题答案】√（以PDF官方题库为准）"
【判断题】产品维护与升级制定的关键不仅仅是定期发布新版本以保持用户的兴趣，还包括确保产品的稳定性和安全性、解决用户反馈的问题等方面。;"【标准答案】√

【v2答案】√
【PDF官方答案】√

【DeepSeek答案】√
【个人答案】?

【题目】
产品维护与升级制定的关键不仅仅是定期发布新版本以保持用户的兴趣，还包括确保产品的稳定性和安全性、解决用户反馈的问题等方面。

【判断理由】
产品维护升级不仅定期发新版还须保证稳定性安全性、解决反馈，说法正确。
【本题答案】√（以PDF官方题库为准）"
【判断题】在用户反馈与迭代过程的管理中，应该认真对待所有反馈（包括正面和负面反馈）以改进产品和服务。;"【标准答案】√

【v2答案】√
【PDF官方答案】√

【DeepSeek答案】√
【个人答案】√

【题目】
在用户反馈与迭代过程的管理中，应该认真对待所有反馈（包括正面和负面反馈）以改进产品和服务。

【判断理由】
用户反馈管理应认真对待正负面反馈以改进产品，说法正确。
【本题答案】√（以PDF官方题库为准）"
【判断题】人机交互是指人与计算机之间的信息交流和操作过程，它涉及用户界面设计、交互方式设计等多个方面。;"【标准答案】√

【v2答案】√
【PDF官方答案】√

【DeepSeek答案】√
【个人答案】√

【题目】
人机交互是指人与计算机之间的信息交流和操作过程，它涉及用户界面设计、交互方式设计等多个方面。

【判断理由】
人机交互涉及界面设计与交互方式设计，说法正确。
【本题答案】√（以PDF官方题库为准）"
【判断题】人机交互三要素包括输入设备、输出设备和控制器。;"【标准答案】√

【v2答案】√
【PDF官方答案】√

【DeepSeek答案】√
【个人答案】√

【题目】
人机交互三要素包括输入设备、输出设备和控制器。

【判断理由】
人机交互三要素指输入设备、输出设备与控制器，说法正确。
【本题答案】√（以PDF官方题库为准）"
【判断题】人机交互模型描述了人和计算机之间信息传递的过程，通常包括输入、处理、输出和反馈等环节。;"【标准答案】√

【v2答案】√
【PDF官方答案】√

【DeepSeek答案】√
【个人答案】√

【题目】
人机交互模型描述了人和计算机之间信息传递的过程，通常包括输入、处理、输出和反馈等环节。

【判断理由】
人机交互模型描述输入、处理、输出、反馈等环节的信息传递，说法正确。
【本题答案】√（以PDF官方题库为准）"
【判断题】在用户界面设计中，应该遵循一致性原则，即相同类型的元素应该有相同的操作和外观。;"【标准答案】√

【v2答案】√
【PDF官方答案】√

【DeepSeek答案】√
【个人答案】√

【题目】
在用户界面设计中，应该遵循一致性原则，即相同类型的元素应该有相同的操作和外观。

【判断理由】
UI设计遵循一致性原则，相同类型元素应操作外观一致，说法正确。
【本题答案】√（以PDF官方题库为准）"
【判断题】输入与输出的系统设计应该考虑用户的操作习惯和心理模型。;"【标准答案】√

【v2答案】√
【PDF官方答案】√

【DeepSeek答案】√
【个人答案】√

【题目】
输入与输出的系统设计应该考虑用户的操作习惯和心理模型。

【判断理由】
输入输出设计系统应考虑用户操作习惯与心理模型，说法正确。
【本题答案】√（以PDF官方题库为准）"
【判断题】反馈机制在人机交互中不起重要作用。;"【标准答案】×

【v2答案】×
【PDF官方答案】×

【DeepSeek答案】×
【个人答案】×

【题目】
反馈机制在人机交互中不起重要作用。

【判断理由】
反馈机制在人机交互中起重要作用，说法与本任务相反。
【本题答案】×（以PDF官方题库为准）"
【判断题】适应性设计是指产品或服务能够根据用户的需求和偏好进行自动调整。;"【标准答案】√

【v2答案】√
【PDF官方答案】√

【DeepSeek答案】√
【个人答案】√

【题目】
适应性设计是指产品或服务能够根据用户的需求和偏好进行自动调整。

【判断理由】
适应性设计指产品服务根据用户需求偏好自动调整，说法正确。
【本题答案】√（以PDF官方题库为准）"
【判断题】触摸界面交互主要依赖键盘和鼠标。;"【标准答案】×

【v2答案】×
【PDF官方答案】×

【DeepSeek答案】×
【个人答案】×

【题目】
触摸界面交互主要依赖键盘和鼠标。

【判断理由】
触摸界面交互主要依赖触摸，而非鼠标键盘。
【本题答案】×（以PDF官方题库为准）"
【判断题】语音交互设计不需要考虑语音识别的准确性和响应速度。;"【标准答案】×

【v2答案】×
【PDF官方答案】×

【DeepSeek答案】×
【个人答案】×

【题目】
语音交互设计不需要考虑语音识别的准确性和响应速度。

【判断理由】
语音交互设计必须考虑识别准确性与响应速度。
【本题答案】×（以PDF官方题库为准）"
【判断题】增强现实AR交互主要依赖虚拟现实头戴设备。;"【标准答案】×

【v2答案】×
【PDF官方答案】×

【DeepSeek答案】×
【个人答案】×

【题目】
增强现实AR交互主要依赖虚拟现实头戴设备。

【判断理由】
AR增强现实主要用于系统交互，并非主要依赖虚拟现实头戴设备。
【本题答案】×（以PDF官方题库为准）"
【判断题】虚拟现实VR交互的设计需要考虑用户的生理反应。;"【标准答案】√

【v2答案】√
【PDF官方答案】√

【DeepSeek答案】√
【个人答案】√

【题目】
虚拟现实VR交互的设计需要考虑用户的生理反应。

【判断理由】
VR交互设计需考虑晕动等生理反应，说法正确。
【本题答案】√（以PDF官方题库为准）"
【判断题】多模态交互设计仅关注不同输入方式的整合，而不考虑输出方式。;"【标准答案】×

【v2答案】×
【PDF官方答案】×

【DeepSeek答案】×
【个人答案】×

【题目】
多模态交互设计仅关注不同输入方式的整合，而不考虑输出方式。

【判断理由】
多模态交互既关注输入也关注输出方式，不只整合输入。
【本题答案】×（以PDF官方题库为准）"
【判断题】用户研究的方法论主要包括定性和定量两种方法。;"【标准答案】√

【v2答案】√
【PDF官方答案】√

【DeepSeek答案】√
【个人答案】√

【题目】
用户研究的方法论主要包括定性和定量两种方法。

【判断理由】
用户研究方法论主要包括定性与定量相结合，说法正确。
【本题答案】√（以PDF官方题库为准）"
【判断题】原型设计与测试是人机交互设计过程中的最后一步。;"【标准答案】×

【v2答案】×
【PDF官方答案】×

【DeepSeek答案】×
【个人答案】×

【题目】
原型设计与测试是人机交互设计过程中的最后一步。

【判断理由】
原型设计与测试并非人机交互设计的最后一步，后面还有评估迭代等。
【本题答案】×（以PDF官方题库为准）"
【判断题】用户测试与评估的系统方法是一种定性的研究方法。;"【标准答案】×

【v2答案】×
【PDF官方答案】×

【DeepSeek答案】×
【个人答案】×

【题目】
用户测试与评估的系统方法是一种定性的研究方法。

【判断理由】
用户测试评估既可以是定性的也可以是定量、系统的。
【本题答案】×（以PDF官方题库为准）"
【判断题】情感设计主要关注用户的理性需求。;"【标准答案】×

【v2答案】×
【PDF官方答案】×

【DeepSeek答案】×
【个人答案】×

【题目】
情感设计主要关注用户的理性需求。

【判断理由】
情感设计主要关注用户的情感体验与需求，而非理性需求。
【本题答案】×（以PDF官方题库为准）"
【判断题】人工智能在人机交互中主要应用于提高系统的安全性。;"【标准答案】×

【v2答案】×
【PDF官方答案】×

【DeepSeek答案】×
【个人答案】×

【题目】
人工智能在人机交互中主要应用于提高系统的安全性。

【判断理由】
AI在人机交互中应用广泛（如自然语言、识别等），不限于提高安全性。
【本题答案】×（以PDF官方题库为准）"
【判断题】一个高效的人机交互系统应该能够在短时间内响应用户的操作。;"【标准答案】√

【v2答案】√
【PDF官方答案】√

【DeepSeek答案】√
【个人答案】√

【题目】
一个高效的人机交互系统应该能够在短时间内响应用户的操作。

【判断理由】
高效人机交互系统应在短时间内响应用户操作，说法正确。
【本题答案】√（以PDF官方题库为准）"
【判断题】用户中心的设计原则要求设计师在设计过程中始终站在用户的角度思考问题，因此设计师不需要了解产品的目标市场和竞争对手。;"【标准答案】×

【v2答案】×
【PDF官方答案】×

【DeepSeek答案】×
【个人答案】?

【题目】
用户中心的设计原则要求设计师在设计过程中始终站在用户的角度思考问题，因此设计师不需要了解产品的目标市场和竞争对手。

【判断理由】
以用户为中心的同时仍需了解产品目标市场与竞品，表述不成立。
【本题答案】×（以PDF官方题库为准）"
【判断题】设计的可用性标准是指在设计过程中需要遵循的一系列原则和规范，以确保产品的易用性和用户体验。;"【标准答案】√

【v2答案】√
【PDF官方答案】√

【DeepSeek答案】√
【个人答案】√

【题目】
设计的可用性标准是指在设计过程中需要遵循的一系列原则和规范，以确保产品的易用性和用户体验。

【判断理由】
可用性标准是设计需遵循的原则规范，以保证易用性与体验，说法正确。
【本题答案】√（以PDF官方题库为准）"
【判断题】交互设计模板可以帮助设计师更好地组织和展示他们的想法。;"【标准答案】√

【v2答案】√
【PDF官方答案】√

【DeepSeek答案】√
【个人答案】√

【题目】
交互设计模板可以帮助设计师更好地组织和展示他们的想法。

【判断理由】
交互设计模板可帮助设计师更好地组织展示想法，说法正确。
【本题答案】√（以PDF官方题库为准）"
【判断题】在设计过程中，用户反馈是必不可少的环节，因为它可以帮助设计师更好地了解用户需求。;"【标准答案】√

【v2答案】√
【PDF官方答案】√

【DeepSeek答案】√
【个人答案】√

【题目】
在设计过程中，用户反馈是必不可少的环节，因为它可以帮助设计师更好地了解用户需求。

【判断理由】
用户反馈是设计中的必要环节，可帮助设计师了解需求，说法正确。
【本题答案】√（以PDF官方题库为准）"
【判断题】工作流程的任务分解有助于明确每个阶段的责任和目标。;"【标准答案】√

【v2答案】√
【PDF官方答案】√

【DeepSeek答案】√
【个人答案】√

【题目】
工作流程的任务分解有助于明确每个阶段的责任和目标。

【判断理由】
工作流程任务分解有助于明确各阶段责任与目标，说法正确。
【本题答案】√（以PDF官方题库为准）"
【判断题】界面设计的布局策略仅关注美观而忽视功能性。;"【标准答案】×

【v2答案】×
【PDF官方答案】×

【DeepSeek答案】×
【个人答案】×

【题目】
界面设计的布局策略仅关注美观而忽视功能性。

【判断理由】
界面布局策略既关注美观也关注功能性，说法不正确。
【本题答案】×（以PDF官方题库为准）"
【判断题】用户使用情境的分析工具可以帮助设计师更好地理解目标用户的需求和行为。;"【标准答案】√

【v2答案】√
【PDF官方答案】√

【DeepSeek答案】√
【个人答案】√

【题目】
用户使用情境的分析工具可以帮助设计师更好地理解目标用户的需求和行为。

【判断理由】
用户使用情境分析工具有助于理解用户需求与行为，说法正确。
【本题答案】√（以PDF官方题库为准）"
【判断题】使用AdobeXD进行原型制作时，用户可以直接导出最终的设计文件。;"【标准答案】√

【v2答案】√
【PDF官方答案】√

【DeepSeek答案】√
【个人答案】√

【题目】
使用AdobeXD进行原型制作时，用户可以直接导出最终的设计文件。

【判断理由】
Adobe XD进行原型制作可直接导出最终设计文件，说法正确。
【本题答案】√（以PDF官方题库为准）"
【判断题】AdobeXD只能用于创建移动应用的原型。;"【标准答案】×

【v2答案】×
【PDF官方答案】×

【DeepSeek答案】×
【个人答案】×

【题目】
AdobeXD只能用于创建移动应用的原型。

【判断理由】
Adobe XD可创建网页、桌面、移动等多类型原型，不仅限移动应用。
【本题答案】×（以PDF官方题库为准）"
【判断题】AxureRP是一款用于创建原型和模拟复杂交互的工具。;"【标准答案】√

【v2答案】√
【PDF官方答案】√

【DeepSeek答案】√
【个人答案】√

【题目】
AxureRP是一款用于创建原型和模拟复杂交互的工具。

【判断理由】
Axure RP用于创建原型并模拟复杂交互，说法正确。
【本题答案】√（以PDF官方题库为准）"
【判断题】AxureRP中的条件逻辑设置可以用来控制页面元素的显示和隐藏。;"【标准答案】√

【v2答案】√
【PDF官方答案】√

【DeepSeek答案】√
【个人答案】√

【题目】
AxureRP中的条件逻辑设置可以用来控制页面元素的显示和隐藏。

【判断理由】
Axure条件逻辑可控制页面元素的显示和隐藏，说法正确。
【本题答案】√（以PDF官方题库为准）"
【判断题】BalsamiqMockups只能用于创建线框图。;"【标准答案】×

【v2答案】×
【PDF官方答案】×

【DeepSeek答案】×
【个人答案】×

【题目】
BalsamiqMockups只能用于创建线框图。

【判断理由】
Balsamiq不只是创建线框图，还能制作低保真原型等。
【本题答案】×（以PDF官方题库为准）"
【判断题】Figma的设计系统支持创建自定义组件库。;"【标准答案】√

【v2答案】√
【PDF官方答案】√

【DeepSeek答案】√
【个人答案】√

【题目】
Figma的设计系统支持创建自定义组件库。

【判断理由】
Figma设计系统支持自创建自定义组件库，说法正确。
【本题答案】√（以PDF官方题库为准）"
【判断题】Marvel的简单交互设计强调减少用户的认知负担，提高用户体验。;"【标准答案】√

【v2答案】√
【PDF官方答案】√

【DeepSeek答案】√
【个人答案】√

【题目】
Marvel的简单交互设计强调减少用户的认知负担，提高用户体验。

【判断理由】
Marvel简单交互设计强调减少认知负担、提升体验，说法正确。
【本题答案】√（以PDF官方题库为准）"
【判断题】在使用Marvel的设计评审功能时，用户可以上传自己的设计文件，但是不能邀请其他团队成员进行评论。;"【标准答案】×

【v2答案】×
【PDF官方答案】×

【DeepSeek答案】×
【个人答案】×

【题目】
在使用Marvel的设计评审功能时，用户可以上传自己的设计文件，但是不能邀请其他团队成员进行评论。

【判断理由】
Marvel设计评审支持上传并可邀请团队成员评论，说法与事实相反。
【本题答案】×（以PDF官方题库为准）"
【判断题】使用Marvel的响应式设计预览，设计师可以轻松地查看和调整他们的网站布局，以确保其在各种设备上都能正常工作。;"【标准答案】√

【v2答案】√
【PDF官方答案】√

【DeepSeek答案】√
【个人答案】√

【题目】
使用Marvel的响应式设计预览，设计师可以轻松地查看和调整他们的网站布局，以确保其在各种设备上都能正常工作。

【判断理由】
Marvel响应式设计预览可查看调整网站布局保证各设备正常，说法正确。
【本题答案】√（以PDF官方题库为准）"
【判断题】Sketch的插件生态系统为用户提供了广泛的功能扩展选项。;"【标准答案】√

【v2答案】√
【PDF官方答案】√

【DeepSeek答案】√
【个人答案】√

【题目】
Sketch的插件生态系统为用户提供了广泛的功能扩展选项。

【判断理由】
Sketch插件生态为用户提供丰富的功能扩展，说法正确。
【本题答案】√（以PDF官方题库为准）"
【判断题】Sketch的矢量图形编辑功能非常强大，可以轻松地创建和编辑各种复杂的图形。;"【标准答案】√

【v2答案】√
【PDF官方答案】√

【DeepSeek答案】√
【个人答案】√

【题目】
Sketch的矢量图形编辑功能非常强大，可以轻松地创建和编辑各种复杂的图形。

【判断理由】
Sketch矢量图形编辑功能强大，可创建编辑复杂图形，说法正确。
【本题答案】√（以PDF官方题库为准）"
【判断题】培训讲义编写应该包含大量的理论知识和实例分析。;"【标准答案】×

【v2答案】×
【PDF官方答案】×

【DeepSeek答案】×
【个人答案】×

【题目】
培训讲义编写应该包含大量的理论知识和实例分析。

【判断理由】
培训讲义编写应当力求精炼实用，而非“包含大量理论”。
【本题答案】×（以PDF官方题库为准）"
【判断题】培训讲义的编写应该遵循一定的结构，包括引入、主体和总结三个部分。;"【标准答案】√

【v2答案】√
【PDF官方答案】√

【DeepSeek答案】√
【个人答案】√

【题目】
培训讲义的编写应该遵循一定的结构，包括引入、主体和总结三个部分。

【判断理由】
培训讲义应遵循引入、总结主体、总结的结构，说法正确。
【本题答案】√（以PDF官方题库为准）"
【判断题】编写培训讲义时，不需要考虑学员的学习需求和背景。;"【标准答案】×

【v2答案】×
【PDF官方答案】×

【DeepSeek答案】×
【个人答案】×

【题目】
编写培训讲义时，不需要考虑学员的学习需求和背景。

【判断理由】
编写培训讲义需要考虑学员的学习需求与背景，说法与本任务相反。
【本题答案】×（以PDF官方题库为准）"
【判断题】在人工智能培训中，使用单一的教学方法可以有效地满足所有学员的学习需求。;"【标准答案】×

【v2答案】×
【PDF官方答案】×

【DeepSeek答案】×
【个人答案】×

【题目】
在人工智能培训中，使用单一的教学方法可以有效地满足所有学员的学习需求。

【判断理由】
不同学员需求不同，应使用多样教学方法以满足所有学员需求。
【本题答案】×（以PDF官方题库为准）"
【判断题】讲授法是一种单向沟通的培训方法，因此它不利于受训者主动参与培训。;"【标准答案】×

【v2答案】×
【PDF官方答案】×

【DeepSeek答案】×
【个人答案】×

【题目】
讲授法是一种单向沟通的培训方法，因此它不利于受训者主动参与培训。

【判断理由】
虽然讲授法是单向沟通，但也可以配合互动，并非唯一束缚。
【本题答案】×（以PDF官方题库为准）"
【判断题】讲授法是一种非常有效的培训方法，因此没有缺点。;"【标准答案】×

【v2答案】×
【PDF官方答案】×

【DeepSeek答案】×
【个人答案】×

【题目】
讲授法是一种非常有效的培训方法，因此没有缺点。

【判断理由】
讲授法自身也有局限性，并非“没有缺点”。
【本题答案】×（以PDF官方题库为准）"
【判断题】培训方法的选择应该完全依赖于培训者的经验和偏好。;"【标准答案】×

【v2答案】×
【PDF官方答案】×

【DeepSeek答案】×
【个人答案】×

【题目】
培训方法的选择应该完全依赖于培训者的经验和偏好。

【判断理由】
培训方法选择应结合目标与学员情况，不能完全依赖培训者经验偏好。
【本题答案】×（以PDF官方题库为准）"
【判断题】在数据采集和处理流程中，重点分析数据的质量和准确性是非常重要的。;"【标准答案】√

【v2答案】√
【PDF官方答案】√

【DeepSeek答案】√
【个人答案】√

【题目】
在数据采集和处理流程中，重点分析数据的质量和准确性是非常重要的。

【判断理由】
数据采集处理中重点分析数据质量与准确性非常重要，说法正确。
【本题答案】√（以PDF官方题库为准）"
【判断题】在数据采集和处理流程中，数据清洗的主要目的是去除重复数据和提高数据质量。;"【标准答案】√

【v2答案】√
【PDF官方答案】√

【DeepSeek答案】√
【个人答案】√

【题目】
在数据采集和处理流程中，数据清洗的主要目的是去除重复数据和提高数据质量。

【判断理由】
数据清洗的主要目的是去除重复数据、提高数据质量，说法正确。
【本题答案】√（以PDF官方题库为准）"
【判断题】在数据采集和处理流程中，数据清洗是一个不必要的步骤。;"【标准答案】×

【v2答案】×
【PDF官方答案】×

【DeepSeek答案】×
【个人答案】×

【题目】
在数据采集和处理流程中，数据清洗是一个不必要的步骤。

【判断理由】
数据清洗是处理流程中必要环节，并非可有可无。
【本题答案】×（以PDF官方题库为准）"
【判断题】指导数据采集和处理问题的解决方法主要包括数据清洗、数据转换和数据可视化。;"【标准答案】×

【v2答案】×
【PDF官方答案】×

【DeepSeek答案】×
【个人答案】×

【题目】
指导数据采集和处理问题的解决方法主要包括数据清洗、数据转换和数据可视化。

【判断理由】
指导数据采集处理问题的方法还包含数据存储、监控等，不止三类，表述不完整。
【本题答案】×（以PDF官方题库为准）"
【判断题】在数据标注流程中，标注员需要严格按照标注规则进行操作。;"【标准答案】√

【v2答案】√
【PDF官方答案】√

【DeepSeek答案】√
【个人答案】√

【题目】
在数据标注流程中，标注员需要严格按照标注规则进行操作。

【判断理由】
标注员需严格按照标注规则操作，说法正确。
【本题答案】√（以PDF官方题库为准）"
【判断题】数据标注流程中的难点仅仅是数据清洗。;"【标准答案】×

【v2答案】×
【PDF官方答案】×

【DeepSeek答案】×
【个人答案】×

【题目】
数据标注流程中的难点仅仅是数据清洗。

【判断理由】
数据标注流程难点涉及多，并非仅仅是数据清洗。
【本题答案】×（以PDF官方题库为准）"
【判断题】数据标注流程中的常见问题点包括数据清洗和预处理。;"【标准答案】×

【v2答案】×
【PDF官方答案】×

【DeepSeek答案】×
【个人答案】×

【题目】
数据标注流程中的常见问题点包括数据清洗和预处理。

【判断理由】
题干称数据标注流程的常见问题点包括数据清洗和预处理；按本题库官方答案该说法判为错误(×)，应采信官方结果。
【本题答案】×（以PDF官方题库为准）"
【判断题】在数据标注过程中，标注人员需要遵循一定的标注规范和流程。;"【标准答案】√

【v2答案】√
【PDF官方答案】√

【DeepSeek答案】√
【个人答案】√

【题目】
在数据标注过程中，标注人员需要遵循一定的标注规范和流程。

【判断理由】
标注人员需遵循一定标注规范与流程，说法正确。
【本题答案】√（以PDF官方题库为准）"
