正面;背面
"【单选题】职业道德的概念有广义和狭义之分。狭义的职业道德是指在( )活动中应遵循的职
业行为准则和规范。
人工智能训练师（三级）理论知识复习题
(A)职业活动
(B)普通职业
(C)一定职业
(D)危险职业";"【PDF答案】C


【题目】
职业道德的概念有广义和狭义之分。狭义的职业道德是指在( )活动中应遵循的职
业行为准则和规范。
人工智能训练师（三级）理论知识复习题
(A)职业活动
(B)普通职业
(C)一定职业
(D)危险职业"
"【单选题】( )是调整职业个人、职业主体和社会成员之间关系的行为准则和规范。
(A)职业纪律
(B)职业责任
(C)职业良心
(D)职业作风";"【PDF答案】A


【题目】
( )是调整职业个人、职业主体和社会成员之间关系的行为准则和规范。
(A)职业纪律
(B)职业责任
(C)职业良心
(D)职业作风"
"【单选题】职业道德真正形成于( )。
(A)原始社会
(B)奴隶社会
(C)封建社会
(D)资本主义社会";"【PDF答案】B


【题目】
职业道德真正形成于( )。
(A)原始社会
(B)奴隶社会
(C)封建社会
(D)资本主义社会"
"【单选题】古人所谓的“鞠躬尽瘁，死而后已”。揭示了职业活动内在的道德准则中的( )准则。
(A)忠诚
(B)审慎
(C)勤勉
(D)民主";"【PDF答案】B


【题目】
古人所谓的“鞠躬尽瘁，死而后已”。揭示了职业活动内在的道德准则中的( )准则。
(A)忠诚
(B)审慎
(C)勤勉
(D)民主"
"【单选题】从道德和社会责任角度考虑，人工智能训练师在处理用户数据时，应确保数据的
( )。
(A)准确性
(B)完整性
(C)可追溯性
(D)安全性";"【PDF答案】D


【题目】
从道德和社会责任角度考虑，人工智能训练师在处理用户数据时，应确保数据的
( )。
(A)准确性
(B)完整性
(C)可追溯性
(D)安全性"
"【单选题】在人工智能的职业道德中，最能体现其对隐私保护的重视是( )。
(A)忠诚
人工智能训练师（三级）理论知识复习题
(B)勤勉
(C)诚信
(D)保密";"【PDF答案】D


【题目】
在人工智能的职业道德中，最能体现其对隐私保护的重视是( )。
(A)忠诚
人工智能训练师（三级）理论知识复习题
(B)勤勉
(C)诚信
(D)保密"
"【单选题】人工智能训练师需要具备的素质包括( )。
(A)高级管理技能
(B)扎实的技术基础
(C)高级图形设计技能
(D)敏锐的市场洞察力";"【PDF答案】B


【题目】
人工智能训练师需要具备的素质包括( )。
(A)高级管理技能
(B)扎实的技术基础
(C)高级图形设计技能
(D)敏锐的市场洞察力"
"【单选题】职业道德是职业守则的核心内容之一，不属于职业道德强调的关系是( )。
(A)个人与集体
(B)个人与社会
(C)个人与他人
(D)个人与工作职责";"【PDF答案】A


【题目】
职业道德是职业守则的核心内容之一，不属于职业道德强调的关系是( )。
(A)个人与集体
(B)个人与社会
(C)个人与他人
(D)个人与工作职责"
"【单选题】从业人员要强化岗位职业责任必须要做到( )。
(A)了解职业责任、坚守工作岗位
(B)了解职业责任、强化责任意识
(C)坚守工作岗位、履行职业守则
(D)坚守工作岗位、强化责任意识";"【PDF答案】B


【题目】
从业人员要强化岗位职业责任必须要做到( )。
(A)了解职业责任、坚守工作岗位
(B)了解职业责任、强化责任意识
(C)坚守工作岗位、履行职业守则
(D)坚守工作岗位、强化责任意识"
"【单选题】爱岗敬业是企业对从业人员的( )。
(A)职业规定
(B)职业守则
(C)职业纪律
(D)职业要求";"【PDF答案】D


【题目】
爱岗敬业是企业对从业人员的( )。
(A)职业规定
(B)职业守则
(C)职业纪律
(D)职业要求"
"【单选题】在职业守则的制定过程中，( )的步骤旨在确保守则的公平性和合理性。
(A)收集各方意见和建议
(B)由专业机构进行审核
(C)通过行业大会进行表决
人工智能训练师（三级）理论知识复习题
(D)制定详细的实施计划";"【PDF答案】A


【题目】
在职业守则的制定过程中，( )的步骤旨在确保守则的公平性和合理性。
(A)收集各方意见和建议
(B)由专业机构进行审核
(C)通过行业大会进行表决
人工智能训练师（三级）理论知识复习题
(D)制定详细的实施计划"
"【单选题】为了确保职业守则的有效执行，组织应当采取( )机制来确保其落实。
(A)仅依赖内部监督
(B)主要依靠外部监督
(C)结合内部监督和外部监督
(D)单独采用自我监督";"【PDF答案】C


【题目】
为了确保职业守则的有效执行，组织应当采取( )机制来确保其落实。
(A)仅依赖内部监督
(B)主要依靠外部监督
(C)结合内部监督和外部监督
(D)单独采用自我监督"
"【单选题】在职业守则中，诚实守信主要体现在( )行为上。
(A)随意许诺，以满足客户需求
(B)不轻易承诺，但一旦答应就全力以赴
(C)为迎合市场趋势，夸大产品效果
(D)为提高工作效率，省略必要的工作步骤";"【PDF答案】B


【题目】
在职业守则中，诚实守信主要体现在( )行为上。
(A)随意许诺，以满足客户需求
(B)不轻易承诺，但一旦答应就全力以赴
(C)为迎合市场趋势，夸大产品效果
(D)为提高工作效率，省略必要的工作步骤"
"【单选题】爱岗敬业的具体表现不包括( )。
(A)树立远大的职业理想
(B)只在自己喜欢的岗位上工作
(C)努力提升专业技能
(D)严格遵守企业规章制度";"【PDF答案】B


【题目】
爱岗敬业的具体表现不包括( )。
(A)树立远大的职业理想
(B)只在自己喜欢的岗位上工作
(C)努力提升专业技能
(D)严格遵守企业规章制度"
"【单选题】在保护用户隐私方面，人工智能训练师应采取( )措施。
(A)仅对敏感数据进行部分加密
(B)随意限制数据访问权限
(C)定期进行数据备份，但不进行安全审计
(D)对敏感数据进行加密存储，限制数据访问权限，并定期进行安全审计";"【PDF答案】D


【题目】
在保护用户隐私方面，人工智能训练师应采取( )措施。
(A)仅对敏感数据进行部分加密
(B)随意限制数据访问权限
(C)定期进行数据备份，但不进行安全审计
(D)对敏感数据进行加密存储，限制数据访问权限，并定期进行安全审计"
"【单选题】五笔字型汉字输入法的编码属于( )。
(A)音码
(B)形声码
(C)区位码
(D)形码";"【PDF答案】D


【题目】
五笔字型汉字输入法的编码属于( )。
(A)音码
(B)形声码
(C)区位码
(D)形码"
"【单选题】使用Windows系统的维护利器可以( )系统性能。
人工智能训练师（三级）理论知识复习题
(A)提高
(B)降低
(C)保持不变
(D)无法确定";"【PDF答案】A


【题目】
使用Windows系统的维护利器可以( )系统性能。
人工智能训练师（三级）理论知识复习题
(A)提高
(B)降低
(C)保持不变
(D)无法确定"
"【单选题】当Windows系统无法连接到网络时，首先应该尝试( )，快速修复方法。
(A)重启路由器或计算机
(B)重装网络适配器驱动程序
(C)联系售后
(D)检查其他设备是否能够连接网络";"【PDF答案】A


【题目】
当Windows系统无法连接到网络时，首先应该尝试( )，快速修复方法。
(A)重启路由器或计算机
(B)重装网络适配器驱动程序
(C)联系售后
(D)检查其他设备是否能够连接网络"
"【单选题】要打开Windows小工具，用户需要( )。
(A)右键任务栏空白区域
(B)左键任务栏空白区域
(C)从开始菜单中选择小工具
(D)右键单击开始按钮";"【PDF答案】C


【题目】
要打开Windows小工具，用户需要( )。
(A)右键任务栏空白区域
(B)左键任务栏空白区域
(C)从开始菜单中选择小工具
(D)右键单击开始按钮"
"【单选题】在浏览器中，要打开一个新的标签页，应该使用快捷键( )。
(A)Ctrl+T
(B)Ctrl+N
(C)Ctrl+Shift+ T
(D)Ctrl+Shift+N";"【PDF答案】A


【题目】
在浏览器中，要打开一个新的标签页，应该使用快捷键( )。
(A)Ctrl+T
(B)Ctrl+N
(C)Ctrl+Shift+ T
(D)Ctrl+Shift+N"
"【单选题】使用( )可以帮助我们调试网页代码，查看元素结构以及分析网络请求等。
(A)任务管理器
(B)资源管理器
(C)控制面板
(D)开发者工具";"【PDF答案】D


【题目】
使用( )可以帮助我们调试网页代码，查看元素结构以及分析网络请求等。
(A)任务管理器
(B)资源管理器
(C)控制面板
(D)开发者工具"
"【单选题】在Excel中，使用( )键可以快速将光标移动到当前列最底下的单元格。
(A)Ctrl+Down
(B)Ctrl+Home
人工智能训练师（三级）理论知识复习题
(C)Ctrl+Right
(D)Ctrl+Left";"【PDF答案】A


【题目】
在Excel中，使用( )键可以快速将光标移动到当前列最底下的单元格。
(A)Ctrl+Down
(B)Ctrl+Home
人工智能训练师（三级）理论知识复习题
(C)Ctrl+Right
(D)Ctrl+Left"
"【单选题】为了提高Word2019文档的编辑效率，可以使用( )快捷键来快速插入当前日期。
(A)ALT+Shift+D
(B)ALT+Shift+ T
(C)Ctrl+Shift+ Y
(D)Ctrl+Shift+I";"【PDF答案】A


【题目】
为了提高Word2019文档的编辑效率，可以使用( )快捷键来快速插入当前日期。
(A)ALT+Shift+D
(B)ALT+Shift+ T
(C)Ctrl+Shift+ Y
(D)Ctrl+Shift+I"
"【单选题】在Word中，通过( )，来快速应用一组格式选项。
(A)手动逐一调整每个段落的格式
(B)使用格式刷复制并应用格式
(C)创建个性化样式模板
(D)在样式库中选择并应用内置样式";"【PDF答案】D


【题目】
在Word中，通过( )，来快速应用一组格式选项。
(A)手动逐一调整每个段落的格式
(B)使用格式刷复制并应用格式
(C)创建个性化样式模板
(D)在样式库中选择并应用内置样式"
"【单选题】在Word中进行图文混排时，调整图片大小的方法( )。
(A)单击图片，然后拖动图片边框上的控制点
(B)双击图片，然后在弹出的对话框中输入新的尺寸
(C)左键点击图片，选择'大小和位置'选项进行调整
(D)选择图片，然后按键盘上的方向键进行微调";"【PDF答案】A


【题目】
在Word中进行图文混排时，调整图片大小的方法( )。
(A)单击图片，然后拖动图片边框上的控制点
(B)双击图片，然后在弹出的对话框中输入新的尺寸
(C)左键点击图片，选择'大小和位置'选项进行调整
(D)选择图片，然后按键盘上的方向键进行微调"
"【单选题】在Excel中，使用( )函数可以将一个日期转换为文本格式。
(A)TEXT
(B)VALUE
(C)NUMBER
(D)DATE";"【PDF答案】A


【题目】
在Excel中，使用( )函数可以将一个日期转换为文本格式。
(A)TEXT
(B)VALUE
(C)NUMBER
(D)DATE"
"【单选题】在Excel工作表单元格中输入公式时，F$2的单元格引用方式称为( )。
(A)交叉地址引用
(B)混合地址引用
(C)相对地址引用
(D)绝对地址引用
人工智能训练师（三级）理论知识复习题";"【PDF答案】B


【题目】
在Excel工作表单元格中输入公式时，F$2的单元格引用方式称为( )。
(A)交叉地址引用
(B)混合地址引用
(C)相对地址引用
(D)绝对地址引用
人工智能训练师（三级）理论知识复习题"
"【单选题】在Excel中，( )图表类型最适合用于展示时间序列的数据变化。
(A)条形图
(B)折线图
(C)饼图
(D)散点图";"【PDF答案】B


【题目】
在Excel中，( )图表类型最适合用于展示时间序列的数据变化。
(A)条形图
(B)折线图
(C)饼图
(D)散点图"
"【单选题】在Excel中，( )不可以快速切换不同的工作簿。
(A)Ctrl+PageUp
(B)Ctrl+PageDown
(C)鼠标点击工作表目录
(D)Ctrl+Shift+Tab";"【PDF答案】D


【题目】
在Excel中，( )不可以快速切换不同的工作簿。
(A)Ctrl+PageUp
(B)Ctrl+PageDown
(C)鼠标点击工作表目录
(D)Ctrl+Shift+Tab"
"【单选题】在MicrosoftExcel中，宏的主要作用是( )。
(A)手动执行一系列复杂的计算任务。
(B)将数据从一个工作表复制到另一个工作表。
(C)格式化工作表的单元格。
(D)自动执行一系列预定义的操作。";"【PDF答案】D


【题目】
在MicrosoftExcel中，宏的主要作用是( )。
(A)手动执行一系列复杂的计算任务。
(B)将数据从一个工作表复制到另一个工作表。
(C)格式化工作表的单元格。
(D)自动执行一系列预定义的操作。"
"【单选题】( )不会导致劳动合同无效。
(A)违反法律、行政法规强制性规定的
(B)双方当事人真实意思表示一致
(C)一方以欺诈、胁迫的手段或者乘人之危，使对方在违背真实意思的情况下订立或者变
更劳动合同的
(D)用人单位免除自己的法定责任、排除劳动者权利的";"【PDF答案】B


【题目】
( )不会导致劳动合同无效。
(A)违反法律、行政法规强制性规定的
(B)双方当事人真实意思表示一致
(C)一方以欺诈、胁迫的手段或者乘人之危，使对方在违背真实意思的情况下订立或者变
更劳动合同的
(D)用人单位免除自己的法定责任、排除劳动者权利的"
"【单选题】( )不是劳动合同必备的核心条款。
(A)劳动合同期限
(B)工作内容和工作地点
(C)社会保险和福利待遇
(D)劳动者家庭情况";"【PDF答案】D


【题目】
( )不是劳动合同必备的核心条款。
(A)劳动合同期限
(B)工作内容和工作地点
(C)社会保险和福利待遇
(D)劳动者家庭情况"
"【单选题】用人单位不得解除劳动合同的情形是( )。
人工智能训练师（三级）理论知识复习题
(A)患职业病或者因工负伤被确认丧失或者部分丧失劳动能力的
(B)在试用期被证明不符合录用条件的
(C)严重违反劳动纪律或者用人单位规章制度的
(D)被依法追究刑事责任的";"【PDF答案】A


【题目】
用人单位不得解除劳动合同的情形是( )。
人工智能训练师（三级）理论知识复习题
(A)患职业病或者因工负伤被确认丧失或者部分丧失劳动能力的
(B)在试用期被证明不符合录用条件的
(C)严重违反劳动纪律或者用人单位规章制度的
(D)被依法追究刑事责任的"
"【单选题】网络运营者应当履行的安全保障义务包括( )。
(A)不得收集用户个人信息
(B)向第三方提供用户个人信息
(C)采取技术措施和其他必要措施，保障网络安全、稳定运行
(D)未经用户同意不得发布广告";"【PDF答案】C


【题目】
网络运营者应当履行的安全保障义务包括( )。
(A)不得收集用户个人信息
(B)向第三方提供用户个人信息
(C)采取技术措施和其他必要措施，保障网络安全、稳定运行
(D)未经用户同意不得发布广告"
"【单选题】网络接入的规范要求不包括( )。
(A)遵守国家网络安全和信息技术管理法规
(B)不得进行非法网络活动
(C)无需获得相关资质即可提供接入服务
(D)保障接入网络的安全性和稳定性";"【PDF答案】C


【题目】
网络接入的规范要求不包括( )。
(A)遵守国家网络安全和信息技术管理法规
(B)不得进行非法网络活动
(C)无需获得相关资质即可提供接入服务
(D)保障接入网络的安全性和稳定性"
"【单选题】( )是关键信息基础设施的特殊保护中的一方面。
(A)物理安全
(B)网络安全
(C)数据安全
(D)应急响应";"【PDF答案】A


【题目】
( )是关键信息基础设施的特殊保护中的一方面。
(A)物理安全
(B)网络安全
(C)数据安全
(D)应急响应"
"【单选题】( )不能作为专利申请权的主体。
(A)自然人
(B)法人
(C)非法人组织
(D)某研究所课题组";"【PDF答案】D


【题目】
( )不能作为专利申请权的主体。
(A)自然人
(B)法人
(C)非法人组织
(D)某研究所课题组"
"【单选题】( )不是专利授权的实质性条件。
(A)新颖性
(B)创造性
人工智能训练师（三级）理论知识复习题
(C)实用性
(D)美观性";"【PDF答案】D


【题目】
( )不是专利授权的实质性条件。
(A)新颖性
(B)创造性
人工智能训练师（三级）理论知识复习题
(C)实用性
(D)美观性"
"【单选题】( )不属于专利申请流程的标准化步骤。
(A)提交专利申请
(B)专利局审查
(C)授予专利权
(D)投入市场生产";"【PDF答案】D


【题目】
( )不属于专利申请流程的标准化步骤。
(A)提交专利申请
(B)专利局审查
(C)授予专利权
(D)投入市场生产"
"【单选题】( )不是遵纪守法的社会价值体现。
(A)维护社会秩序和稳定
(B)保障人民权利和自由
(C)阻碍社会发展和创新
(D)树立社会道德风尚";"【PDF答案】C


【题目】
( )不是遵纪守法的社会价值体现。
(A)维护社会秩序和稳定
(B)保障人民权利和自由
(C)阻碍社会发展和创新
(D)树立社会道德风尚"
"【单选题】据劳动保护的法律规定，人工智能训练师在工作中享有( )的权益。
(A)自由选择工作时间
(B)接受定期的安全培训
(C)直接参与公司利润分配
(D)无限制的加班权利";"【PDF答案】B


【题目】
据劳动保护的法律规定，人工智能训练师在工作中享有( )的权益。
(A)自由选择工作时间
(B)接受定期的安全培训
(C)直接参与公司利润分配
(D)无限制的加班权利"
"【单选题】知识产权法的基本原则包括保护创作成果、鼓励创新和技术进步以及( )。
(A)公平分配利益
(B)促进知识传播
(C)保障公共利益
(D)限制知识产权滥用";"【PDF答案】B


【题目】
知识产权法的基本原则包括保护创作成果、鼓励创新和技术进步以及( )。
(A)公平分配利益
(B)促进知识传播
(C)保障公共利益
(D)限制知识产权滥用"
"【单选题】根据著作权法的规定，( )受著作权法的保护。
(A)法律条文
(B)计算机软件
(C)国家机关的决定
(D)历法
人工智能训练师（三级）理论知识复习题";"【PDF答案】B


【题目】
根据著作权法的规定，( )受著作权法的保护。
(A)法律条文
(B)计算机软件
(C)国家机关的决定
(D)历法
人工智能训练师（三级）理论知识复习题"
"【单选题】根据我国《专利法》的规定，申请专利的发明创造在申请日以前六个月内，出现( )
的情况，会丧失新颖性。
(A)他人未经申请人同意而泄露其内容
(B)在规定的学术会议或者技术会议上首次发表
(C)在中国政府主办或者承认的国际展览会上首次展出
(D)他人使用申请人未公开的类似技术方案";"【PDF答案】D


【题目】
根据我国《专利法》的规定，申请专利的发明创造在申请日以前六个月内，出现( )
的情况，会丧失新颖性。
(A)他人未经申请人同意而泄露其内容
(B)在规定的学术会议或者技术会议上首次发表
(C)在中国政府主办或者承认的国际展览会上首次展出
(D)他人使用申请人未公开的类似技术方案"
"【单选题】有可能无限期拥有的知识产权是( )。
(A)著作权
(B)专利权
(C)商标权
(D)集成电路图设计权";"【PDF答案】A


【题目】
有可能无限期拥有的知识产权是( )。
(A)著作权
(B)专利权
(C)商标权
(D)集成电路图设计权"
"【单选题】在进行数据采集时，( )工具可以处理非结构化数据。
(A)Python
(B)Excel
(C)Access
(D)Mysql";"【PDF答案】A


【题目】
在进行数据采集时，( )工具可以处理非结构化数据。
(A)Python
(B)Excel
(C)Access
(D)Mysql"
"【单选题】为了提高数据抓取效率，可以使用( )技术。
(A)多线程
(B)单线程
(C)模拟登录
(D)验证码识别";"【PDF答案】A


【题目】
为了提高数据抓取效率，可以使用( )技术。
(A)多线程
(B)单线程
(C)模拟登录
(D)验证码识别"
"【单选题】在数据采集流程中，使用( )可以帮助我们实现数据的持久化与高效检索。
(A)数据分析软件
(B)数据可视化工具
(C)网络爬虫
(D)数据存储与管理工具";"【PDF答案】D


【题目】
在数据采集流程中，使用( )可以帮助我们实现数据的持久化与高效检索。
(A)数据分析软件
(B)数据可视化工具
(C)网络爬虫
(D)数据存储与管理工具"
"【单选题】数据治理工具在人工智能培训中的作用，描述正确的是( )。
人工智能训练师（三级）理论知识复习题
(A)数据治理工具与人工智能培训无关
(B)数据治理工具主要用于数据删除
(C)数据治理工具帮助人工智能训练师获取和整理培训所需的高质量数据
(D)数据治理工具只用于数据可视化";"【PDF答案】C


【题目】
数据治理工具在人工智能培训中的作用，描述正确的是( )。
人工智能训练师（三级）理论知识复习题
(A)数据治理工具与人工智能培训无关
(B)数据治理工具主要用于数据删除
(C)数据治理工具帮助人工智能训练师获取和整理培训所需的高质量数据
(D)数据治理工具只用于数据可视化"
"【单选题】ETL工具的使用方法通常包括这些步骤：1. 设计ETL过程；2. 配置ETL工具；3. 执
行ETL过程；4. 监控和维护ETL过程。其中，( )是ETL工具使用方法的第一个步骤。
(A)设计ETL过程
(B)配置ETL工具
(C)执行ETL过程
(D)监控和维护ETL过程";"【PDF答案】C


【题目】
ETL工具的使用方法通常包括这些步骤：1. 设计ETL过程；2. 配置ETL工具；3. 执
行ETL过程；4. 监控和维护ETL过程。其中，( )是ETL工具使用方法的第一个步骤。
(A)设计ETL过程
(B)配置ETL工具
(C)执行ETL过程
(D)监控和维护ETL过程"
"【单选题】( )更适合处理大量非结构化数据。
(A)关系型数据库
(B)非关系型数据库
(C)分布式数据库
(D)内存数据库";"【PDF答案】B


【题目】
( )更适合处理大量非结构化数据。
(A)关系型数据库
(B)非关系型数据库
(C)分布式数据库
(D)内存数据库"
"【单选题】不属于云服务主要特点的是( )。
(A)弹性伸缩
(B)按需付费
(C)高可用性
(D)完全无限制";"【PDF答案】D


【题目】
不属于云服务主要特点的是( )。
(A)弹性伸缩
(B)按需付费
(C)高可用性
(D)完全无限制"
"【单选题】在进行CSV到XML数据格式转换时，可以使用( )工具或语言的库效率最高。
(A)Excel
(B)Notepad++
(C)Python的pandas库
(D)PowerPoint";"【PDF答案】C


【题目】
在进行CSV到XML数据格式转换时，可以使用( )工具或语言的库效率最高。
(A)Excel
(B)Notepad++
(C)Python的pandas库
(D)PowerPoint"
"【单选题】内存计算平台的设计初衷是为了解决( )。
(A)提高数据处理的效率
人工智能训练师（三级）理论知识复习题
(B)降低存储成本
(C)解决数据倾斜问题
(D)支持复杂的数据挖掘算法";"【PDF答案】A


【题目】
内存计算平台的设计初衷是为了解决( )。
(A)提高数据处理的效率
人工智能训练师（三级）理论知识复习题
(B)降低存储成本
(C)解决数据倾斜问题
(D)支持复杂的数据挖掘算法"
"【单选题】数据可视化工具的主要作用是( )。
(A)展示数据
(B)分析数据
(C)存储数据
(D)清洗数据";"【PDF答案】A


【题目】
数据可视化工具的主要作用是( )。
(A)展示数据
(B)分析数据
(C)存储数据
(D)清洗数据"
"【单选题】( )可能被人工智能训练师用于特征工程，以辅助数据的探索性分析。
(A)数据可视化工具
(B)文本编辑器
(C)数据库管理系统
(D)网络浏览器";"【PDF答案】A


【题目】
( )可能被人工智能训练师用于特征工程，以辅助数据的探索性分析。
(A)数据可视化工具
(B)文本编辑器
(C)数据库管理系统
(D)网络浏览器"
"【单选题】企业使用数据质量监控工具的主要目的是( )。
(A)提高数据处理的速度
(B)降低数据处理的难度
(C)确保数据的准确性和可靠性
(D)减少数据存储的需求";"【PDF答案】C


【题目】
企业使用数据质量监控工具的主要目的是( )。
(A)提高数据处理的速度
(B)降低数据处理的难度
(C)确保数据的准确性和可靠性
(D)减少数据存储的需求"
"【单选题】离线审核平台通常用于( )场景。
(A)处理大量历史数据
(B)处理实时数据
(C)处理小规模数据
(D)处理非结构化数据";"【PDF答案】A


【题目】
离线审核平台通常用于( )场景。
(A)处理大量历史数据
(B)处理实时数据
(C)处理小规模数据
(D)处理非结构化数据"
"【单选题】PowerBI支持( )操作系统。
(A)Windows
(B)macOS
(C)Linux
人工智能训练师（三级）理论知识复习题
(D)iOS";"【PDF答案】A


【题目】
PowerBI支持( )操作系统。
(A)Windows
(B)macOS
(C)Linux
人工智能训练师（三级）理论知识复习题
(D)iOS"
"【单选题】为人工智能训练师，( )工具最常用于业务流程管理与优化。
(A)TensorFlow
(B)OracleBPMSuite
(C)Docker
(D)Kubernetes";"【PDF答案】B


【题目】
为人工智能训练师，( )工具最常用于业务流程管理与优化。
(A)TensorFlow
(B)OracleBPMSuite
(C)Docker
(D)Kubernetes"
"【单选题】在进行网络数据采集时，我们应该优先选择( )方法来确保数据的全面性。
(A)爬虫
(B)访谈
(C)问卷调查
(D)观察法";"【PDF答案】B


【题目】
在进行网络数据采集时，我们应该优先选择( )方法来确保数据的全面性。
(A)爬虫
(B)访谈
(C)问卷调查
(D)观察法"
"【单选题】在评估数据源的质量时，( )指标不是关键因素。
(A)数据的准确性
(B)数据的多样性
(C)数据的时效性
(D)数据的可解释性";"【PDF答案】B


【题目】
在评估数据源的质量时，( )指标不是关键因素。
(A)数据的准确性
(B)数据的多样性
(C)数据的时效性
(D)数据的可解释性"
"【单选题】对于小型网站的数据抓取任务，( )技术可能更适合。
(A)网络爬虫
(B)SDK
(C)JavaScript渲染
(D)数据库查询";"【PDF答案】A


【题目】
对于小型网站的数据抓取任务，( )技术可能更适合。
(A)网络爬虫
(B)SDK
(C)JavaScript渲染
(D)数据库查询"
"【单选题】为了确保抓取的数据质量，( )方法是无效的。
(A)设置合理的抓取间隔
(B)使用更复杂的抓取规则
(C)避免抓取重复内容
(D)减少抓取深度";"【PDF答案】A


【题目】
为了确保抓取的数据质量，( )方法是无效的。
(A)设置合理的抓取间隔
(B)使用更复杂的抓取规则
(C)避免抓取重复内容
(D)减少抓取深度"
"【单选题】( )不是常见的数据库管理系统。
人工智能训练师（三级）理论知识复习题
(A)MySQL
(B)MongoDB
(C)Oracle
(D)Hadoop";"【PDF答案】D


【题目】
( )不是常见的数据库管理系统。
人工智能训练师（三级）理论知识复习题
(A)MySQL
(B)MongoDB
(C)Oracle
(D)Hadoop"
"【单选题】在数据清洗与预处理流程中，( )是第一步。
(A)数据收集
(B)数据整理
(C)数据转换
(D)数据分析";"【PDF答案】A


【题目】
在数据清洗与预处理流程中，( )是第一步。
(A)数据收集
(B)数据整理
(C)数据转换
(D)数据分析"
"【单选题】为了提高数据质量，数据转换过程中常用的方法不包括( )。
(A)数据去重
(B)数据规范化
(C)数据压缩
(D)数据标准化";"【PDF答案】C


【题目】
为了提高数据质量，数据转换过程中常用的方法不包括( )。
(A)数据去重
(B)数据规范化
(C)数据压缩
(D)数据标准化"
"【单选题】为了保护用户隐私，业务数据相关流程中应该采用( )技术来对数据进行脱敏处
理。
(A)数据掩码
(B)数据脱敏
(C)数据加密
(D)数据备份";"【PDF答案】B


【题目】
为了保护用户隐私，业务数据相关流程中应该采用( )技术来对数据进行脱敏处
理。
(A)数据掩码
(B)数据脱敏
(C)数据加密
(D)数据备份"
"【单选题】实时数据处理技术的主要原理是通过( )来对数据进行快速处理和分析。
(A)批处理
(B)串行计算
(C)分布式计算
(D)缓存技术";"【PDF答案】C


【题目】
实时数据处理技术的主要原理是通过( )来对数据进行快速处理和分析。
(A)批处理
(B)串行计算
(C)分布式计算
(D)缓存技术"
"【单选题】( )不是特征选择的主要方法。
(A)过滤法
人工智能训练师（三级）理论知识复习题
(B)包装法
(C)嵌入法
(D)降维法";"【PDF答案】D


【题目】
( )不是特征选择的主要方法。
(A)过滤法
人工智能训练师（三级）理论知识复习题
(B)包装法
(C)嵌入法
(D)降维法"
"【单选题】容器化技术在业务数据处理流程中的优势不包括( )。
(A)易于部署
(B)易于扩展
(C)易于监控
(D)易于迁移";"【PDF答案】C


【题目】
容器化技术在业务数据处理流程中的优势不包括( )。
(A)易于部署
(B)易于扩展
(C)易于监控
(D)易于迁移"
"【单选题】( )是一种通过邀请领域专家对数据进行评价来评估数据质量的方法。
(A)统计分析法
(B)逻辑检查法
(C)专家评估法
(D)抽样评估法";"【PDF答案】C


【题目】
( )是一种通过邀请领域专家对数据进行评价来评估数据质量的方法。
(A)统计分析法
(B)逻辑检查法
(C)专家评估法
(D)抽样评估法"
"【单选题】在数据校验和异常数据检测的方法中，( )方法不可以用于检测数据中的异常值。
(A)Z-score方法
(B)IQR方法
(C)DBSCAN方法
(D)K-means方法";"【PDF答案】D


【题目】
在数据校验和异常数据检测的方法中，( )方法不可以用于检测数据中的异常值。
(A)Z-score方法
(B)IQR方法
(C)DBSCAN方法
(D)K-means方法"
"【单选题】在设计高效业务流程时，( )措施最有助于减少不必要的延误。
(A)增加审批环节
(B)实施自动化工具
(C)简化决策流程
(D)扩大团队规模";"【PDF答案】C


【题目】
在设计高效业务流程时，( )措施最有助于减少不必要的延误。
(A)增加审批环节
(B)实施自动化工具
(C)简化决策流程
(D)扩大团队规模"
"【单选题】合规性检查的目的是确保组织的数据处理活动符合( )的要求。
(A)法律法规
(B)行业标准
(C)内部政策
人工智能训练师（三级）理论知识复习题
(D)客户期望";"【PDF答案】A


【题目】
合规性检查的目的是确保组织的数据处理活动符合( )的要求。
(A)法律法规
(B)行业标准
(C)内部政策
人工智能训练师（三级）理论知识复习题
(D)客户期望"
"【单选题】( )业务场景的数据产生特点是低频度、数据量小。
(A)企业的专利申请数据
(B)证券市场的股票交易数据
(C)网络游戏的玩家行为数据
(D)体育赛事的直播数据";"【PDF答案】A


【题目】
( )业务场景的数据产生特点是低频度、数据量小。
(A)企业的专利申请数据
(B)证券市场的股票交易数据
(C)网络游戏的玩家行为数据
(D)体育赛事的直播数据"
"【单选题】在人工智能业务的分类中，( )不是人工智能训练师常见的工作内容。
(A)监督学习项目的进展
(B)编写和调试机器学习算法代码
(C)制定和执行数据收集计划
(D)进行市场趋势分析";"【PDF答案】D


【题目】
在人工智能业务的分类中，( )不是人工智能训练师常见的工作内容。
(A)监督学习项目的进展
(B)编写和调试机器学习算法代码
(C)制定和执行数据收集计划
(D)进行市场趋势分析"
"【单选题】人工智能业务的功能之一是通过( )为用户提供个性化的服务体验。
(A)智能推荐系统
(B)自动化客服
(C)数据分析
(D)虚拟现实";"【PDF答案】D


【题目】
人工智能业务的功能之一是通过( )为用户提供个性化的服务体验。
(A)智能推荐系统
(B)自动化客服
(C)数据分析
(D)虚拟现实"
"【单选题】在推荐系统中，( )方法是基于用户过去的购买或评分历史来预测他们可能喜欢
的项目。
(A)基于内容的推荐
(B)协同过滤
(C)混合推荐
(D)基于知识的推荐";"【PDF答案】B


【题目】
在推荐系统中，( )方法是基于用户过去的购买或评分历史来预测他们可能喜欢
的项目。
(A)基于内容的推荐
(B)协同过滤
(C)混合推荐
(D)基于知识的推荐"
"【单选题】在智能搜索功能模块中，( )技术可以用来构建和维护一个庞大的实体关系网络。
(A)知识图谱
(B)搜索引擎优化
(C)个性化推荐
(D)数据挖掘
人工智能训练师（三级）理论知识复习题";"【PDF答案】A


【题目】
在智能搜索功能模块中，( )技术可以用来构建和维护一个庞大的实体关系网络。
(A)知识图谱
(B)搜索引擎优化
(C)个性化推荐
(D)数据挖掘
人工智能训练师（三级）理论知识复习题"
"【单选题】智能交互功能模块的优势在于( )。
(A)提高用户体验
(B)降低人工成本
(C)增强系统稳定性
(D)拓展应用领域";"【PDF答案】A


【题目】
智能交互功能模块的优势在于( )。
(A)提高用户体验
(B)降低人工成本
(C)增强系统稳定性
(D)拓展应用领域"
"【单选题】自动数据处理功能模块在( )环节可以提高数据处理速度。
(A)数据收集
(B)数据清洗
(C)数据分析
(D)数据可视化";"【PDF答案】A


【题目】
自动数据处理功能模块在( )环节可以提高数据处理速度。
(A)数据收集
(B)数据清洗
(C)数据分析
(D)数据可视化"
"【单选题】( )方法常用于解决离散优化问题。
(A)梯度下降法
(B)遗传算法
(C)拉格朗日乘数法
(D)牛顿法";"【PDF答案】B


【题目】
( )方法常用于解决离散优化问题。
(A)梯度下降法
(B)遗传算法
(C)拉格朗日乘数法
(D)牛顿法"
"【单选题】智能控制功能模块的原理主要包括( )。
(A)人工智能技术
(B)自动控制理论
(C)传感器技术
(D)通信技术";"【PDF答案】A


【题目】
智能控制功能模块的原理主要包括( )。
(A)人工智能技术
(B)自动控制理论
(C)传感器技术
(D)通信技术"
"【单选题】自然语言处理中的( )任务通常涉及对文本进行分析，以确定其是积极的、消极
的还是中性的。
(A)命名实体识别
(B)词性标注
(C)情感分析
(D)句法分析";"【PDF答案】C


【题目】
自然语言处理中的( )任务通常涉及对文本进行分析，以确定其是积极的、消极
的还是中性的。
(A)命名实体识别
(B)词性标注
(C)情感分析
(D)句法分析"
"【单选题】生物特征识别功能模块的主要应用场景包括( )。
人工智能训练师（三级）理论知识复习题
(A)金融安全
(B)网络安全
(C)医疗诊断
(D)智能家居";"【PDF答案】A


【题目】
生物特征识别功能模块的主要应用场景包括( )。
人工智能训练师（三级）理论知识复习题
(A)金融安全
(B)网络安全
(C)医疗诊断
(D)智能家居"
"【单选题】计算机视觉通过模拟人类视觉系统来处理和分析图像，( )不是其主要功能。
(A)图像增强
(B)图像恢复
(C)图像压缩
(D)图像分类";"【PDF答案】C


【题目】
计算机视觉通过模拟人类视觉系统来处理和分析图像，( )不是其主要功能。
(A)图像增强
(B)图像恢复
(C)图像压缩
(D)图像分类"
"【单选题】计算智能的核心技术是( )。
(A)机器学习
(B)深度学习
(C)进化计算
(D)模糊逻辑";"【PDF答案】C


【题目】
计算智能的核心技术是( )。
(A)机器学习
(B)深度学习
(C)进化计算
(D)模糊逻辑"
"【单选题】在知识发现的流程中，( )不是由人工智能训练师执行的。
(A)数据分类
(B)模式识别
(C)模型调优
(D)模型开发";"【PDF答案】D


【题目】
在知识发现的流程中，( )不是由人工智能训练师执行的。
(A)数据分类
(B)模式识别
(C)模型调优
(D)模型开发"
"【单选题】在数据挖掘方法中，( )技术不是分类算法。
(A)K-最近邻
(B)支持向量机
(C)随机森林
(D)关联规则";"【PDF答案】D


【题目】
在数据挖掘方法中，( )技术不是分类算法。
(A)K-最近邻
(B)支持向量机
(C)随机森林
(D)关联规则"
"【单选题】业务模块构建方法强调的是( )。
(A)快速开发
(B)高质量代码
人工智能训练师（三级）理论知识复习题
(C)灵活性和可扩展性
(D)降低维护成本";"【PDF答案】C


【题目】
业务模块构建方法强调的是( )。
(A)快速开发
(B)高质量代码
人工智能训练师（三级）理论知识复习题
(C)灵活性和可扩展性
(D)降低维护成本"
"【单选题】在业务流程优化过程中，( )策略可以提高企业的响应速度。
(A)消除非增值活动
(B)增加流程
(C)整合相关活动
(D)自动化处理";"【PDF答案】D


【题目】
在业务流程优化过程中，( )策略可以提高企业的响应速度。
(A)消除非增值活动
(B)增加流程
(C)整合相关活动
(D)自动化处理"
"【单选题】为了确保数据收集的准确性，通常需要对数据进行( )。
(A)清洗
(B)验证
(C)转换
(D)整合";"【PDF答案】B


【题目】
为了确保数据收集的准确性，通常需要对数据进行( )。
(A)清洗
(B)验证
(C)转换
(D)整合"
"【单选题】业务流程的展现形式与技术通常使用( )来绘制。
(A)流程图软件
(B)数据库管理系统
(C)电子表格软件
(D)文字处理软件";"【PDF答案】A


【题目】
业务流程的展现形式与技术通常使用( )来绘制。
(A)流程图软件
(B)数据库管理系统
(C)电子表格软件
(D)文字处理软件"
"【单选题】在了解业务流程现状时，( )是非常重要的信息来源。
(A)企业战略规划文件
(B)员工访谈记录
(C)客户反馈信息
(D)市场调查报告";"【PDF答案】A


【题目】
在了解业务流程现状时，( )是非常重要的信息来源。
(A)企业战略规划文件
(B)员工访谈记录
(C)客户反馈信息
(D)市场调查报告"
"【单选题】为了确保简单业务流程优化的效果，企业应该采取( )方法来评估流程改进的成
果。
(A)对比分析
(B)问卷调查
(C)流程模拟
人工智能训练师（三级）理论知识复习题
(D)成本效益分析";"【PDF答案】A


【题目】
为了确保简单业务流程优化的效果，企业应该采取( )方法来评估流程改进的成
果。
(A)对比分析
(B)问卷调查
(C)流程模拟
人工智能训练师（三级）理论知识复习题
(D)成本效益分析"
"【单选题】在评价业务流程优化效果时，( )是一个重要的指标。
(A)生产效率
(B)员工满意度
(C)产品质量
(D)销售额";"【PDF答案】A


【题目】
在评价业务流程优化效果时，( )是一个重要的指标。
(A)生产效率
(B)员工满意度
(C)产品质量
(D)销售额"
"【单选题】在综合业务流程分析中，常用的工具不包括( )。
(A)流程图
(B)鱼骨图
(C)SWOT分析
(D)甘特图";"【PDF答案】D


【题目】
在综合业务流程分析中，常用的工具不包括( )。
(A)流程图
(B)鱼骨图
(C)SWOT分析
(D)甘特图"
"【单选题】在进行复杂业务系统的改进时，首先应该进行的是( )。
(A)分析现有系统的优点和缺点
(B)确定改进的目标和范围
(C)设计新的业务流程
(D)制定详细的实施计划";"【PDF答案】D


【题目】
在进行复杂业务系统的改进时，首先应该进行的是( )。
(A)分析现有系统的优点和缺点
(B)确定改进的目标和范围
(C)设计新的业务流程
(D)制定详细的实施计划"
"【单选题】综合业务流程优化方法的目标是( )。
(A)提高效率
(B)降低成本
(C)提升质量
(D)增强竞争力";"【PDF答案】D


【题目】
综合业务流程优化方法的目标是( )。
(A)提高效率
(B)降低成本
(C)提升质量
(D)增强竞争力"
"【单选题】产生式系统通常用于( )领域的知识表示。
(A)自然语言处理
(B)专家系统
(C)图像识别
(D)语音识别";"【PDF答案】B


【题目】
产生式系统通常用于( )领域的知识表示。
(A)自然语言处理
(B)专家系统
(C)图像识别
(D)语音识别"
"【单选题】知识图谱中的实体和关系的表示方法通常是( )。
人工智能训练师（三级）理论知识复习题
(A)使用XML格式来编码实体和它们之间的关系
(B)实体和关系被表示为图中的节点和边，其中实体是节点，关系是连接节点的边
(C)实体和关系通过数据库表中的行和列来表示
(D)实体和关系通过神经网络中的权重和激活函数来表示";"【PDF答案】B


【题目】
知识图谱中的实体和关系的表示方法通常是( )。
人工智能训练师（三级）理论知识复习题
(A)使用XML格式来编码实体和它们之间的关系
(B)实体和关系被表示为图中的节点和边，其中实体是节点，关系是连接节点的边
(C)实体和关系通过数据库表中的行和列来表示
(D)实体和关系通过神经网络中的权重和激活函数来表示"
"【单选题】数据处理工具的主要功能是( )。
(A)对数据进行清洗和预处理
(B)进行复杂的数据分析
(C)将数据以图表等形式展示出来
(D)从各种来源获取数据";"【PDF答案】A


【题目】
数据处理工具的主要功能是( )。
(A)对数据进行清洗和预处理
(B)进行复杂的数据分析
(C)将数据以图表等形式展示出来
(D)从各种来源获取数据"
"【单选题】在业务数据分析方法中，( )是一种结构化的数据分析方法，用于深入挖掘数据
背后的原因和影响。
(A)时间序列分析法
(B)决策树分析法
(C)神经网络分析法
(D)因果分析法";"【PDF答案】D


【题目】
在业务数据分析方法中，( )是一种结构化的数据分析方法，用于深入挖掘数据
背后的原因和影响。
(A)时间序列分析法
(B)决策树分析法
(C)神经网络分析法
(D)因果分析法"
"【单选题】在业务数据分析方法中，( )步骤涉及到对数据进行深入的探讨和理解。
(A)收集数据
(B)清洗数据
(C)分析数据
(D)得出结论";"【PDF答案】C


【题目】
在业务数据分析方法中，( )步骤涉及到对数据进行深入的探讨和理解。
(A)收集数据
(B)清洗数据
(C)分析数据
(D)得出结论"
"【单选题】机器学习中的监督学习是( )。
(A)通过已知数据进行模型训练，以预测新数据的类别或值
(B)通过已知数据进行模型训练，以预测新数据的特征
(C)通过已知数据进行模型训练，以预测新数据的分布
(D)通过已知数据进行模型训练，以预测新数据的关联性";"【PDF答案】A


【题目】
机器学习中的监督学习是( )。
(A)通过已知数据进行模型训练，以预测新数据的类别或值
(B)通过已知数据进行模型训练，以预测新数据的特征
(C)通过已知数据进行模型训练，以预测新数据的分布
(D)通过已知数据进行模型训练，以预测新数据的关联性"
"【单选题】卷积神经网络CNN的核心组件包括卷积层、池化层和全连接层，其中( )层用
于提取图像特征。
人工智能训练师（三级）理论知识复习题
(A)卷积层
(B)池化层
(C)全连接层
(D)激活层";"【PDF答案】A


【题目】
卷积神经网络CNN的核心组件包括卷积层、池化层和全连接层，其中( )层用
于提取图像特征。
人工智能训练师（三级）理论知识复习题
(A)卷积层
(B)池化层
(C)全连接层
(D)激活层"
"【单选题】在智能训练中，特征提取的主要方法之一是( )。
(A)决策树
(B)贝叶斯分类器
(C)K-均值聚类
(D)主成分分析";"【PDF答案】D


【题目】
在智能训练中，特征提取的主要方法之一是( )。
(A)决策树
(B)贝叶斯分类器
(C)K-均值聚类
(D)主成分分析"
"【单选题】在模型训练时，( )策略可以帮助模型更快地收敛到最优解。
(A)学习率调整
(B)动量减速
(C)梯度裁剪
(D)早停法";"【PDF答案】A


【题目】
在模型训练时，( )策略可以帮助模型更快地收敛到最优解。
(A)学习率调整
(B)动量减速
(C)梯度裁剪
(D)早停法"
"【单选题】在特征选择方法中，过滤法通常基于( )准则来选择特征。
(A)信息增益
(B)相关性系数
(C)方差阈值
(D)互信息";"【PDF答案】A


【题目】
在特征选择方法中，过滤法通常基于( )准则来选择特征。
(A)信息增益
(B)相关性系数
(C)方差阈值
(D)互信息"
"【单选题】在数据增强方法中，( )是一种常见的图像变换技术，它可以改变图像的大小和
形状。
(A)裁剪
(B)缩放
(C)旋转
(D)平移";"【PDF答案】B


【题目】
在数据增强方法中，( )是一种常见的图像变换技术，它可以改变图像的大小和
形状。
(A)裁剪
(B)缩放
(C)旋转
(D)平移"
"【单选题】在数据分片中，( )是用来决定如何将数据分割到各个分片的。
(A)主键
人工智能训练师（三级）理论知识复习题
(B)外键
(C)分区键
(D)唯一键";"【PDF答案】C


【题目】
在数据分片中，( )是用来决定如何将数据分割到各个分片的。
(A)主键
人工智能训练师（三级）理论知识复习题
(B)外键
(C)分区键
(D)唯一键"
"【单选题】自动标注方法是指利用( )技术对数据进行自动标注。
(A)计算机程序
(B)机器学习算法
(C)数据挖掘技术
(D)自动化";"【PDF答案】B


【题目】
自动标注方法是指利用( )技术对数据进行自动标注。
(A)计算机程序
(B)机器学习算法
(C)数据挖掘技术
(D)自动化"
"【单选题】在模型评估中，召回率Recall的计算方法是：( )。
(A)真正例数 / 真正例数 + 真正例数 / 假负例数
(B)假正例数 / 真正例数 + 假正例数 / 假负例数
(C)正确预测的样本数 / 总样本数
(D)错误预测的样本数 / 总样本数";"【PDF答案】B


【题目】
在模型评估中，召回率Recall的计算方法是：( )。
(A)真正例数 / 真正例数 + 真正例数 / 假负例数
(B)假正例数 / 真正例数 + 假正例数 / 假负例数
(C)正确预测的样本数 / 总样本数
(D)错误预测的样本数 / 总样本数"
"【单选题】在评估分类模型的准确性时，通常使用( )指标。
(A)均方误差
(B)准确率
(C)均方根误差
(D)对数损失";"【PDF答案】B


【题目】
在评估分类模型的准确性时，通常使用( )指标。
(A)均方误差
(B)准确率
(C)均方根误差
(D)对数损失"
"【单选题】如果需要快速原型设计和实验，( )机器学习库更适合。
(A)TensorFlow
(B)PyTorch
(C)Scikit-learn
(D)Keras";"【PDF答案】D


【题目】
如果需要快速原型设计和实验，( )机器学习库更适合。
(A)TensorFlow
(B)PyTorch
(C)Scikit-learn
(D)Keras"
"【单选题】NumPy库在数据处理中的优势在于其高效的( )。
(A)数组计算
(B)字符串处理
(C)图形绘制
人工智能训练师（三级）理论知识复习题
(D)数据库连接";"【PDF答案】A


【题目】
NumPy库在数据处理中的优势在于其高效的( )。
(A)数组计算
(B)字符串处理
(C)图形绘制
人工智能训练师（三级）理论知识复习题
(D)数据库连接"
"【单选题】在确定数据收集方法时，应该考虑数据的类型和来源，( )方法适用于收集结构
化数据。
(A)问卷调查
(B)访谈
(C)观察法
(D)实验法";"【PDF答案】A


【题目】
在确定数据收集方法时，应该考虑数据的类型和来源，( )方法适用于收集结构
化数据。
(A)问卷调查
(B)访谈
(C)观察法
(D)实验法"
"【单选题】在自动化标注中，为了提高标注的准确性，系统可能会利用( )机制来不断优化
其标注能力。
(A)随机猜测
(B)专家系统
(C)机器学习
(D)手动校验";"【PDF答案】C


【题目】
在自动化标注中，为了提高标注的准确性，系统可能会利用( )机制来不断优化
其标注能力。
(A)随机猜测
(B)专家系统
(C)机器学习
(D)手动校验"
"【单选题】( )工具库主要用于数据的加载和预处理。
(A)NumPy
(B)Pandas
(C)Matplotlib
(D)Scikit-learn";"【PDF答案】B


【题目】
( )工具库主要用于数据的加载和预处理。
(A)NumPy
(B)Pandas
(C)Matplotlib
(D)Scikit-learn"
"【单选题】在深度学习中，用来防止过拟合的方法是( )。
(A)仅使用一层隐藏层
(B)增加模型的复杂度
(C)应用早停技术
(D)减少训练数据量";"【PDF答案】C


【题目】
在深度学习中，用来防止过拟合的方法是( )。
(A)仅使用一层隐藏层
(B)增加模型的复杂度
(C)应用早停技术
(D)减少训练数据量"
"【单选题】在机器学习中，交叉验证的主要目的是( )。
(A)提高模型的训练速度
(B)减少模型的复杂性
(C)增加模型的预测准确性
人工智能训练师（三级）理论知识复习题
(D)评估模型的泛化能力";"【PDF答案】D


【题目】
在机器学习中，交叉验证的主要目的是( )。
(A)提高模型的训练速度
(B)减少模型的复杂性
(C)增加模型的预测准确性
人工智能训练师（三级）理论知识复习题
(D)评估模型的泛化能力"
"【单选题】在模型训练自动化工具中，( )是指通过自动化的方式对模型进行迭代优化，以
提高模型的性能。
(A)模型评估
(B)模型训练
(C)特征工程
(D)数据清洗";"【PDF答案】B


【题目】
在模型训练自动化工具中，( )是指通过自动化的方式对模型进行迭代优化，以
提高模型的性能。
(A)模型评估
(B)模型训练
(C)特征工程
(D)数据清洗"
"【单选题】在系统监控中，( )工具主要用于实时收集和分析日志数据。
(A)ApacheHadoop
(B)ELKStack
(C)TensorFlow
(D)PyTorch";"【PDF答案】B


【题目】
在系统监控中，( )工具主要用于实时收集和分析日志数据。
(A)ApacheHadoop
(B)ELKStack
(C)TensorFlow
(D)PyTorch"
"【单选题】生成对抗网络中的生成器通常使用( )类型的神经网络结构。
(A)卷积神经网络
(B)循环神经网络
(C)自编码器
(D)生成对抗网络";"【PDF答案】A


【题目】
生成对抗网络中的生成器通常使用( )类型的神经网络结构。
(A)卷积神经网络
(B)循环神经网络
(C)自编码器
(D)生成对抗网络"
"【单选题】在智能训练数据处理中，人工智能训练师使用Python或R的主要原因是( )。
(A)这些语言提供了丰富的库和框架，专门用于数据处理和机器学习。
(B)这些语言不需要编程知识，任何人都可以轻松使用。
(C)这些语言是唯一可以进行数据处理和机器学习的语言。
(D)这些语言的处理速度是最快的，超过了其他所有编程语言。";"【PDF答案】A


【题目】
在智能训练数据处理中，人工智能训练师使用Python或R的主要原因是( )。
(A)这些语言提供了丰富的库和框架，专门用于数据处理和机器学习。
(B)这些语言不需要编程知识，任何人都可以轻松使用。
(C)这些语言是唯一可以进行数据处理和机器学习的语言。
(D)这些语言的处理速度是最快的，超过了其他所有编程语言。"
"【单选题】( )不是模型部署工具的使用方法。
(A)选择合适的部署环境
(B)将模型文件上传到部署环境中
(C)编写测试代码来验证模型的准确性
(D)对模型进行微调以提高性能
人工智能训练师（三级）理论知识复习题";"【PDF答案】D


【题目】
( )不是模型部署工具的使用方法。
(A)选择合适的部署环境
(B)将模型文件上传到部署环境中
(C)编写测试代码来验证模型的准确性
(D)对模型进行微调以提高性能
人工智能训练师（三级）理论知识复习题"
"【单选题】数据探索分析的结果通常用于支持( )决策。
(A)业务策略制定
(B)产品研发
(C)市场推广
(D)客户关系管理";"【PDF答案】A


【题目】
数据探索分析的结果通常用于支持( )决策。
(A)业务策略制定
(B)产品研发
(C)市场推广
(D)客户关系管理"
"【单选题】在进行数据探索分析时，( )可以帮助我们更好地理解数据的结构和特点。
(A)数据可视化
(B)统计分析
(C)数据挖掘
(D)机器学习";"【PDF答案】A


【题目】
在进行数据探索分析时，( )可以帮助我们更好地理解数据的结构和特点。
(A)数据可视化
(B)统计分析
(C)数据挖掘
(D)机器学习"
"【单选题】在缺失数据处理中，( )方法适用于存在大量相似观测值的情况。
(A)删除法
(B)填充法
(C)插值法
(D)替换法";"【PDF答案】B


【题目】
在缺失数据处理中，( )方法适用于存在大量相似观测值的情况。
(A)删除法
(B)填充法
(C)插值法
(D)替换法"
"【单选题】对于分类数据，( )方法可以用来处理缺失值。
(A)使用删除法
(B)使用均值填充缺失值
(C)使用中位数填充缺失值
(D)使用众数填充缺失值";"【PDF答案】D


【题目】
对于分类数据，( )方法可以用来处理缺失值。
(A)使用删除法
(B)使用均值填充缺失值
(C)使用中位数填充缺失值
(D)使用众数填充缺失值"
"【单选题】箱线图法在异常值检测中的作用是( )。
(A)确定数据的分布范围
(B)识别数据中的异常值
(C)评估数据的离散程度
(D)判断数据的集中趋势";"【PDF答案】B


【题目】
箱线图法在异常值检测中的作用是( )。
(A)确定数据的分布范围
(B)识别数据中的异常值
(C)评估数据的离散程度
(D)判断数据的集中趋势"
"【单选题】Z-score方法是一种基于( )的异常值检测方法。
(A)最大值
人工智能训练师（三级）理论知识复习题
(B)中位数
(C)众数
(D)标准差";"【PDF答案】D


【题目】
Z-score方法是一种基于( )的异常值检测方法。
(A)最大值
人工智能训练师（三级）理论知识复习题
(B)中位数
(C)众数
(D)标准差"
"【单选题】在噪声数据处理中，( )主要用于消除信号中的平稳随机噪声。
(A)滤波法
(B)变换法
(C)统计法
(D)模型法";"【PDF答案】A


【题目】
在噪声数据处理中，( )主要用于消除信号中的平稳随机噪声。
(A)滤波法
(B)变换法
(C)统计法
(D)模型法"
"【单选题】位图法在数据去重中的应用主要是通过( )。
(A)比较每个数据与已有数据的相似度
(B)记录每个数据是否出现过
(C)对数据进行排序
(D)对数据进行压缩";"【PDF答案】B


【题目】
位图法在数据去重中的应用主要是通过( )。
(A)比较每个数据与已有数据的相似度
(B)记录每个数据是否出现过
(C)对数据进行排序
(D)对数据进行压缩"
"【单选题】数据归一化处理的定义是( )。
(A)将数据集中的所有值转换为相同的格式。
(B)将数据集中的所有值缩放到一个特定的小范围，通常是0到1之间。
(C)将数据集中的所有值增加到最大可能的值。
(D)将数据集中的所有值减少到最小可能的值。";"【PDF答案】B


【题目】
数据归一化处理的定义是( )。
(A)将数据集中的所有值转换为相同的格式。
(B)将数据集中的所有值缩放到一个特定的小范围，通常是0到1之间。
(C)将数据集中的所有值增加到最大可能的值。
(D)将数据集中的所有值减少到最小可能的值。"
"【单选题】数据白化处理的主要目的是( )。
(A)提高数据的准确性
(B)减少数据的冗余
(C)增强数据的可读性
(D)保护数据的隐私";"【PDF答案】D


【题目】
数据白化处理的主要目的是( )。
(A)提高数据的准确性
(B)减少数据的冗余
(C)增强数据的可读性
(D)保护数据的隐私"
"【单选题】在进行特征工程时，通常需要对数据进行( )，以便更好地进行模型训练。
(A)数据清洗
(B)数据集成
(C)数据变换
人工智能训练师（三级）理论知识复习题
(D)数据划分";"【PDF答案】C


【题目】
在进行特征工程时，通常需要对数据进行( )，以便更好地进行模型训练。
(A)数据清洗
(B)数据集成
(C)数据变换
人工智能训练师（三级）理论知识复习题
(D)数据划分"
"【单选题】在选择数据标注工具时，应该权衡( )。
(A)准确性、易用性、成本
(B)准确性、易用性、速度
(C)准确性、成本、速度
(D)易用性、成本、速度";"【PDF答案】A


【题目】
在选择数据标注工具时，应该权衡( )。
(A)准确性、易用性、成本
(B)准确性、易用性、速度
(C)准确性、成本、速度
(D)易用性、成本、速度"
"【单选题】数据标注技术的目的是( )。
(A)提高数据质量
(B)降低数据成本
(C)优化数据结构
(D)简化数据处理流程";"【PDF答案】A


【题目】
数据标注技术的目的是( )。
(A)提高数据质量
(B)降低数据成本
(C)优化数据结构
(D)简化数据处理流程"
"【单选题】为了确保模型具有较好的泛化能力，通常建议将数据集划分为( )的比例。
(A)40%训练集，30%验证集，30%测试集
(B)80%训练集，10%验证集，10%测试集
(C)40%训练集，40%验证集，20%测试集
(D)30%训练集，50%验证集，20%测试集";"【PDF答案】B


【题目】
为了确保模型具有较好的泛化能力，通常建议将数据集划分为( )的比例。
(A)40%训练集，30%验证集，30%测试集
(B)80%训练集，10%验证集，10%测试集
(C)40%训练集，40%验证集，20%测试集
(D)30%训练集，50%验证集，20%测试集"
"【单选题】自动化标注能够显著降低( )成本。
(A)数据收集
(B)数据存储
(C)数据标注
(D)数据传输";"【PDF答案】C


【题目】
自动化标注能够显著降低( )成本。
(A)数据收集
(B)数据存储
(C)数据标注
(D)数据传输"
"【单选题】分布式数据处理的优势之一是能够利用多个计算节点的计算能力，从而实现任务
的快速响应和高效处理。这种优势主要得益于( )。
(A)负载均衡技术
(B)数据压缩技术
(C)数据缓存技术
(D)数据加密技术
人工智能训练师（三级）理论知识复习题";"【PDF答案】C


【题目】
分布式数据处理的优势之一是能够利用多个计算节点的计算能力，从而实现任务
的快速响应和高效处理。这种优势主要得益于( )。
(A)负载均衡技术
(B)数据压缩技术
(C)数据缓存技术
(D)数据加密技术
人工智能训练师（三级）理论知识复习题"
"【单选题】为了确保数据可追溯性，组织应该建立一套完整的数据管理流程，包括数据的
( )、存储、传输和销毁等环节。
(A)创建
(B)收集
(C)分析
(D)应用";"【PDF答案】A


【题目】
为了确保数据可追溯性，组织应该建立一套完整的数据管理流程，包括数据的
( )、存储、传输和销毁等环节。
(A)创建
(B)收集
(C)分析
(D)应用"
"【单选题】在数据管理中，数据可追溯性的主要目的是( )。
(A)提高数据处理速度
(B)减少数据存储成本
(C)确保数据来源和修改历史的透明度
(D)增加数据的复杂性";"【PDF答案】C


【题目】
在数据管理中，数据可追溯性的主要目的是( )。
(A)提高数据处理速度
(B)减少数据存储成本
(C)确保数据来源和修改历史的透明度
(D)增加数据的复杂性"
"【单选题】在Excel中进行数据清洗时，( )操作是用于识别重复数据的最佳实践。
(A)使用“条件格式”高亮显示重复值
(B)手动检查每一行数据寻找重复项
(C)使用排序查找重复值
(D)将数据转换为文本格式以便更容易识别重复";"【PDF答案】A


【题目】
在Excel中进行数据清洗时，( )操作是用于识别重复数据的最佳实践。
(A)使用“条件格式”高亮显示重复值
(B)手动检查每一行数据寻找重复项
(C)使用排序查找重复值
(D)将数据转换为文本格式以便更容易识别重复"
"【单选题】( )是一种常用的图像读取方法，可以从文件中提取像素数据。
(A)图像编码
(B)图像解码
(C)图像压缩
(D)图像解压缩";"【PDF答案】B


【题目】
( )是一种常用的图像读取方法，可以从文件中提取像素数据。
(A)图像编码
(B)图像解码
(C)图像压缩
(D)图像解压缩"
"【单选题】在文本类数据标注过程步骤中，( )是不需要的。
(A)对数据进行分词
(B)构建词典
(C)进行情感分析
(D)标记实体";"【PDF答案】C


【题目】
在文本类数据标注过程步骤中，( )是不需要的。
(A)对数据进行分词
(B)构建词典
(C)进行情感分析
(D)标记实体"
"【单选题】在处理视觉类数据时，人工智能训练师制定规范的目的是( )。
人工智能训练师（三级）理论知识复习题
(A)增加数据集的多样性
(B)保证训练模型时的数据处理一致性和数据质量
(C)减少数据存储的空间需求
(D)加快数据处理的速度";"【PDF答案】B


【题目】
在处理视觉类数据时，人工智能训练师制定规范的目的是( )。
人工智能训练师（三级）理论知识复习题
(A)增加数据集的多样性
(B)保证训练模型时的数据处理一致性和数据质量
(C)减少数据存储的空间需求
(D)加快数据处理的速度"
"【单选题】在算法训练过程中，选择合适的模型对于提高模型性能至关重要。( )步骤不属
于模型选择过程。
(A)了解不同模型的优缺点
(B)根据任务需求选择合适的模型
(C)对模型进行调参优化
(D)对模型进行评估和比较";"【PDF答案】C


【题目】
在算法训练过程中，选择合适的模型对于提高模型性能至关重要。( )步骤不属
于模型选择过程。
(A)了解不同模型的优缺点
(B)根据任务需求选择合适的模型
(C)对模型进行调参优化
(D)对模型进行评估和比较"
"【单选题】在数据集划分时，如果目标是提高模型的准确性，应采用( )划分方法。
(A)随机划分
(B)按比例划分
(C)分层划分
(D)交叉验证";"【PDF答案】C


【题目】
在数据集划分时，如果目标是提高模型的准确性，应采用( )划分方法。
(A)随机划分
(B)按比例划分
(C)分层划分
(D)交叉验证"
"【单选题】在进行文本数据预处理时，( )步骤通常用于将文本转换为数值型数据。
(A)分词
(B)去除停用词
(C)词干提取
(D)编码转换";"【PDF答案】D


【题目】
在进行文本数据预处理时，( )步骤通常用于将文本转换为数值型数据。
(A)分词
(B)去除停用词
(C)词干提取
(D)编码转换"
"【单选题】降维的主要目的是减少数据的复杂性，同时保留数据中的重要信息。( )降维方
法是通过将高维数据映射到低维空间来实现的。
(A)主成分分析
(B)线性判别分析
(C)决策树
(D)遗传算法";"【PDF答案】A


【题目】
降维的主要目的是减少数据的复杂性，同时保留数据中的重要信息。( )降维方
法是通过将高维数据映射到低维空间来实现的。
(A)主成分分析
(B)线性判别分析
(C)决策树
(D)遗传算法"
"【单选题】当需要对图像中的多个对象进行精确边界框绘制时，通常会使用的标注工具是
( )。
人工智能训练师（三级）理论知识复习题
(A)多边形标注工具
(B)点云标注工具
(C)目标检测标注工具
(D)关键点标注工具";"【PDF答案】C


【题目】
当需要对图像中的多个对象进行精确边界框绘制时，通常会使用的标注工具是
( )。
人工智能训练师（三级）理论知识复习题
(A)多边形标注工具
(B)点云标注工具
(C)目标检测标注工具
(D)关键点标注工具"
"【单选题】模型训练的目标是( )。
(A)最大化模型准确率
(B)最小化模型损失
(C)最大化模型泛化能力
(D)最小化模型复杂度";"【PDF答案】B


【题目】
模型训练的目标是( )。
(A)最大化模型准确率
(B)最小化模型损失
(C)最大化模型泛化能力
(D)最小化模型复杂度"
"【单选题】线性规划是一种用于求解( )问题的优化算法。
(A)线性
(B)非线性
(C)凸
(D)离散";"【PDF答案】A


【题目】
线性规划是一种用于求解( )问题的优化算法。
(A)线性
(B)非线性
(C)凸
(D)离散"
"【单选题】为了高效地训练大规模数据集，( )软件组件最为关键。
(A)数据库管理系统
(B)版本控制系统
(C)分布式训练框架
(D)集成开发环境IDE";"【PDF答案】C


【题目】
为了高效地训练大规模数据集，( )软件组件最为关键。
(A)数据库管理系统
(B)版本控制系统
(C)分布式训练框架
(D)集成开发环境IDE"
"【单选题】在进行大规模分布式训练时，( )框架提供了较为成熟的分布式训练支持。
(A)TensorFlow
(B)PyTorch
(C)MXNet
(D)Chainer";"【PDF答案】A


【题目】
在进行大规模分布式训练时，( )框架提供了较为成熟的分布式训练支持。
(A)TensorFlow
(B)PyTorch
(C)MXNet
(D)Chainer"
"【单选题】在算法验证过程中，通常采用的形式化方法包括模型检验和( )。
(A)形式化描述
(B)逻辑推理
人工智能训练师（三级）理论知识复习题
(C)代码审查
(D)测试用例";"【PDF答案】A


【题目】
在算法验证过程中，通常采用的形式化方法包括模型检验和( )。
(A)形式化描述
(B)逻辑推理
人工智能训练师（三级）理论知识复习题
(C)代码审查
(D)测试用例"
"【单选题】在超参数调优过程中，通常使用( )方法来评估模型性能。
(A)交叉验证
(B)网格搜索
(C)随机搜索
(D)贝叶斯优化";"【PDF答案】A


【题目】
在超参数调优过程中，通常使用( )方法来评估模型性能。
(A)交叉验证
(B)网格搜索
(C)随机搜索
(D)贝叶斯优化"
"【单选题】( )不是模型训练动态监控工具的典型功能。
(A)提供训练损失和验证损失的实时图表
(B)检测并报告过拟合或欠拟合现象
(C)自动调整模型参数以优化性能
(D)允许用户远程访问和操作训练环境";"【PDF答案】C


【题目】
( )不是模型训练动态监控工具的典型功能。
(A)提供训练损失和验证损失的实时图表
(B)检测并报告过拟合或欠拟合现象
(C)自动调整模型参数以优化性能
(D)允许用户远程访问和操作训练环境"
"【单选题】在进行人工智能模型调试时，( )可推荐用来解决模型性能不佳的问题
(A)立即增加模型的参数数量
(B)检查模型训练数据的质量，确保没有错误或偏差
(C)忽略验证集的性能，只关注训练集上的准确率
(D)停止模型训练，因为认为模型已经足够好";"【PDF答案】B


【题目】
在进行人工智能模型调试时，( )可推荐用来解决模型性能不佳的问题
(A)立即增加模型的参数数量
(B)检查模型训练数据的质量，确保没有错误或偏差
(C)忽略验证集的性能，只关注训练集上的准确率
(D)停止模型训练，因为认为模型已经足够好"
"【单选题】在评估一个机器学习算法的性能时，( )指标不是常用的评价指标。
(A)准确率Accuracy
(B)精确率Precision
(C)召回率Recall
(D)运行时间RunTime";"【PDF答案】D


【题目】
在评估一个机器学习算法的性能时，( )指标不是常用的评价指标。
(A)准确率Accuracy
(B)精确率Precision
(C)召回率Recall
(D)运行时间RunTime"
"【单选题】关于模型部署，描述正确的是( )。
(A)模型部署只需要考虑技术层面的因素
(B)模型部署是一个一次性完成的过程
(C)模型部署需要确保模型的安全性和隐私性
(D)模型部署不需要考虑用户体验
人工智能训练师（三级）理论知识复习题";"【PDF答案】C


【题目】
关于模型部署，描述正确的是( )。
(A)模型部署只需要考虑技术层面的因素
(B)模型部署是一个一次性完成的过程
(C)模型部署需要确保模型的安全性和隐私性
(D)模型部署不需要考虑用户体验
人工智能训练师（三级）理论知识复习题"
"【单选题】在模型部署过程中，为了实现自动化的模型更新和版本管理，通常会使用( )工
具。
(A)Git
(B)SVN
(C)Jenkins
(D)Spinnaker";"【PDF答案】D


【题目】
在模型部署过程中，为了实现自动化的模型更新和版本管理，通常会使用( )工
具。
(A)Git
(B)SVN
(C)Jenkins
(D)Spinnaker"
"【单选题】在选择云平台进行人工智能模型训练和部署时，( )不是云平台提供的优势或服
务。
(A)弹性计算资源，允许用户根据需求快速扩展或缩减计算能力
(B)预配置的人工智能和机器学习服务，简化模型开发和部署流程
(C)限制用户访问的地理位置，只能选择特定区域的数据中心
(D)按需付费模式，用户仅需为实际使用的资源和服务付费";"【PDF答案】C


【题目】
在选择云平台进行人工智能模型训练和部署时，( )不是云平台提供的优势或服
务。
(A)弹性计算资源，允许用户根据需求快速扩展或缩减计算能力
(B)预配置的人工智能和机器学习服务，简化模型开发和部署流程
(C)限制用户访问的地理位置，只能选择特定区域的数据中心
(D)按需付费模式，用户仅需为实际使用的资源和服务付费"
"【单选题】容器化技术的核心优势是( )。
(A)提供丰富的用户图形界面
(B)需要占用大量的系统资源
(C)实现应用的快速部署和高效资源利用
(D)主要用于网络安全防护";"【PDF答案】C


【题目】
容器化技术的核心优势是( )。
(A)提供丰富的用户图形界面
(B)需要占用大量的系统资源
(C)实现应用的快速部署和高效资源利用
(D)主要用于网络安全防护"
"【单选题】容器化技术与虚拟机技术的主要区别在于( )。
(A)容器化技术运行在操作系统之上，而虚拟机技术运行在硬件之上。
(B)容器化技术使用轻量级的隔离环境，而虚拟机技术使用完整的操作系统。
(C)容器化技术不支持多操作系统，而虚拟机技术支持多操作系统。
(D)容器化技术不涉及硬件抽象，而虚拟机技术涉及硬件抽象。";"【PDF答案】C


【题目】
容器化技术与虚拟机技术的主要区别在于( )。
(A)容器化技术运行在操作系统之上，而虚拟机技术运行在硬件之上。
(B)容器化技术使用轻量级的隔离环境，而虚拟机技术使用完整的操作系统。
(C)容器化技术不支持多操作系统，而虚拟机技术支持多操作系统。
(D)容器化技术不涉及硬件抽象，而虚拟机技术涉及硬件抽象。"
"【单选题】在数据处理过程中，( )最适合用于大规模数据的分布式处理。
(A)Pandas
(B)NumPy
(C)ApacheSpark
(D)Matplotlib
人工智能训练师（三级）理论知识复习题";"【PDF答案】C


【题目】
在数据处理过程中，( )最适合用于大规模数据的分布式处理。
(A)Pandas
(B)NumPy
(C)ApacheSpark
(D)Matplotlib
人工智能训练师（三级）理论知识复习题"
"【单选题】人工智能训练师在利用高性能计算资源时，主要关注( )方面。
(A)硬件设备的物理维护
(B)算法的优化与调参
(C)网络带宽的分配
(D)操作系统的升级";"【PDF答案】B


【题目】
人工智能训练师在利用高性能计算资源时，主要关注( )方面。
(A)硬件设备的物理维护
(B)算法的优化与调参
(C)网络带宽的分配
(D)操作系统的升级"
"【单选题】性能监控工具可以帮助我们( )系统性能瓶颈。
(A)发现
(B)解决
(C)预测
(D)优化";"【PDF答案】A


【题目】
性能监控工具可以帮助我们( )系统性能瓶颈。
(A)发现
(B)解决
(C)预测
(D)优化"
"【单选题】在测试用例设计中，( )侧重于识别和测试软件中的边界条件。
(A)等价类划分法
(B)边界值分析法
(C)因果图法
(D)决策表技术";"【PDF答案】B


【题目】
在测试用例设计中，( )侧重于识别和测试软件中的边界条件。
(A)等价类划分法
(B)边界值分析法
(C)因果图法
(D)决策表技术"
"【单选题】人工智能测试的主要目的是( )。
(A)降低研发成本
(B)提升算法的计算速度
(C)确保AI系统的功能和性能符合预期
(D)增加AI系统的数据输入量";"【PDF答案】C


【题目】
人工智能测试的主要目的是( )。
(A)降低研发成本
(B)提升算法的计算速度
(C)确保AI系统的功能和性能符合预期
(D)增加AI系统的数据输入量"
"【单选题】人工智能测试工具的主要目的是( )。
(A)发现缺陷
(B)提高代码质量
(C)优化算法性能
(D)降低开发成本";"【PDF答案】A


【题目】
人工智能测试工具的主要目的是( )。
(A)发现缺陷
(B)提高代码质量
(C)优化算法性能
(D)降低开发成本"
"【单选题】在使用测试框架进行测试时，( )操作是不推荐的。
(A)频繁修改测试代码
人工智能训练师（三级）理论知识复习题
(B)在测试过程中查看日志
(C)在测试之前编写详细的测试计划
(D)在测试之后编写测试报告";"【PDF答案】A


【题目】
在使用测试框架进行测试时，( )操作是不推荐的。
(A)频繁修改测试代码
人工智能训练师（三级）理论知识复习题
(B)在测试过程中查看日志
(C)在测试之前编写详细的测试计划
(D)在测试之后编写测试报告"
"【单选题】对于回归测试，通常采用( )测试方法来确保修改没有引入新的错误。
(A)自动化
(B)手动
(C)性能
(D)兼容性";"【PDF答案】A


【题目】
对于回归测试，通常采用( )测试方法来确保修改没有引入新的错误。
(A)自动化
(B)手动
(C)性能
(D)兼容性"
"【单选题】在实时系统中，除了评估模型的预测准确性之外，( )指标对于确保系统的响应
速度至关重要。
(A)模型的复杂度
(B)训练时间
(C)数据集大小
(D)推理时间";"【PDF答案】D


【题目】
在实时系统中，除了评估模型的预测准确性之外，( )指标对于确保系统的响应
速度至关重要。
(A)模型的复杂度
(B)训练时间
(C)数据集大小
(D)推理时间"
"【单选题】在算法准确度测试中，为了避免过拟合现象，通常会将数据集划分为训练集和
( )。
(A)验证集
(B)测试集
(C)开发集
(D)学习集";"【PDF答案】B


【题目】
在算法准确度测试中，为了避免过拟合现象，通常会将数据集划分为训练集和
( )。
(A)验证集
(B)测试集
(C)开发集
(D)学习集"
"【单选题】在算法鲁棒性测试中，通常采用的方法包括( )。
(A)边界值分析
(B)等价类划分
(C)因果图法
(D)错误推测法";"【PDF答案】A


【题目】
在算法鲁棒性测试中，通常采用的方法包括( )。
(A)边界值分析
(B)等价类划分
(C)因果图法
(D)错误推测法"
"【单选题】在进行算法安全性测试时，需要考虑的方面包括( )。
(A)输入数据的合法性
人工智能训练师（三级）理论知识复习题
(B)算法的执行效率
(C)算法的输出结果
(D)算法的健壮性";"【PDF答案】A


【题目】
在进行算法安全性测试时，需要考虑的方面包括( )。
(A)输入数据的合法性
人工智能训练师（三级）理论知识复习题
(B)算法的执行效率
(C)算法的输出结果
(D)算法的健壮性"
"【单选题】在算法可解释性与透明度测试中，( )的测试方法主要关注算法的内部逻辑和结
构。
(A)基于模型
(B)基于规则
(C)基于数据
(D)基于经验";"【PDF答案】A


【题目】
在算法可解释性与透明度测试中，( )的测试方法主要关注算法的内部逻辑和结
构。
(A)基于模型
(B)基于规则
(C)基于数据
(D)基于经验"
"【单选题】在进行数据多样性与公平性测试时，( )原则是最重要的。
(A)确保数据的全面性
(B)关注数据的代表性
(C)评估算法的公平性
(D)保证数据的准确性";"【PDF答案】C


【题目】
在进行数据多样性与公平性测试时，( )原则是最重要的。
(A)确保数据的全面性
(B)关注数据的代表性
(C)评估算法的公平性
(D)保证数据的准确性"
"【单选题】K折交叉验证中，K的取值通常为( )。
(A)2
(B)3
(C)5
(D)1";"【PDF答案】C


【题目】
K折交叉验证中，K的取值通常为( )。
(A)2
(B)3
(C)5
(D)1"
"【单选题】在算法部署效果测试的流程中，( )步骤是在算法部署之前进行的。
(A)数据收集与处理
(B)模型训练与优化
(C)算法部署
(D)效果评估";"【PDF答案】B


【题目】
在算法部署效果测试的流程中，( )步骤是在算法部署之前进行的。
(A)数据收集与处理
(B)模型训练与优化
(C)算法部署
(D)效果评估"
"【单选题】在人工智能系统测试中，用户反馈集成的主要目的是( )。
(A)减少测试用例的数量，降低测试成本
(B)收集用户对系统性能的定量评价
人工智能训练师（三级）理论知识复习题
(C)利用用户的实际使用情况来评估和改进系统
(D)将用户反馈作为算法训练的主要数据来源";"【PDF答案】C


【题目】
在人工智能系统测试中，用户反馈集成的主要目的是( )。
(A)减少测试用例的数量，降低测试成本
(B)收集用户对系统性能的定量评价
人工智能训练师（三级）理论知识复习题
(C)利用用户的实际使用情况来评估和改进系统
(D)将用户反馈作为算法训练的主要数据来源"
"【单选题】在算法测试中，若想评估模型预测值与实际值之间的关系强度，应使用的统计量
是( )。
(A)方差
(B)相关系数
(C)标准差
(D)中位数";"【PDF答案】B


【题目】
在算法测试中，若想评估模型预测值与实际值之间的关系强度，应使用的统计量
是( )。
(A)方差
(B)相关系数
(C)标准差
(D)中位数"
"【单选题】在撰写算法测试报告时，( )不是必须的。
(A)测试用例的描述
(B)测试结果的详细数据
(C)测试环境的配置信息
(D)开发者的个人感想";"【PDF答案】D


【题目】
在撰写算法测试报告时，( )不是必须的。
(A)测试用例的描述
(B)测试结果的详细数据
(C)测试环境的配置信息
(D)开发者的个人感想"
"【单选题】当程序运行时出现异常，我们可以使用( )来查看异常的详细信息。
(A)输出语句
(B)日志记录
(C)单元测试
(D)调试器";"【PDF答案】D


【题目】
当程序运行时出现异常，我们可以使用( )来查看异常的详细信息。
(A)输出语句
(B)日志记录
(C)单元测试
(D)调试器"
"【单选题】在使用模型可视化工具时，关键应用是( )。
(A)替代传统的编码调试过程
(B)帮助识别模型中的过拟合或欠拟合现象
(C)代替数据预处理步骤
(D)生成模型训练所需的随机数据";"【PDF答案】B


【题目】
在使用模型可视化工具时，关键应用是( )。
(A)替代传统的编码调试过程
(B)帮助识别模型中的过拟合或欠拟合现象
(C)代替数据预处理步骤
(D)生成模型训练所需的随机数据"
"【单选题】日志分析中，使用正则表达式的主要目的是( )。
(A)压缩日志文件以节省存储空间
(B)快速定位和提取日志中的特定模式或关键信息
(C)将日志数据转换为另一种格式
人工智能训练师（三级）理论知识复习题
(D)创建日志数据的备份";"【PDF答案】B


【题目】
日志分析中，使用正则表达式的主要目的是( )。
(A)压缩日志文件以节省存储空间
(B)快速定位和提取日志中的特定模式或关键信息
(C)将日志数据转换为另一种格式
人工智能训练师（三级）理论知识复习题
(D)创建日志数据的备份"
"【单选题】在算法测试实验管理中，( )工具可以帮助自动化测试过程。
(A)代码编辑器
(B)版本控制系统
(C)测试框架
(D)文档管理系统";"【PDF答案】C


【题目】
在算法测试实验管理中，( )工具可以帮助自动化测试过程。
(A)代码编辑器
(B)版本控制系统
(C)测试框架
(D)文档管理系统"
"【单选题】敏捷开发方法强调的是( )，以便快速响应变化并持续改进软件质量。
(A)频繁的代码审查和修复
(B)长期的项目规划和执行
(C)严格的需求分析和设计
(D)定期的项目评审和反馈";"【PDF答案】C


【题目】
敏捷开发方法强调的是( )，以便快速响应变化并持续改进软件质量。
(A)频繁的代码审查和修复
(B)长期的项目规划和执行
(C)严格的需求分析和设计
(D)定期的项目评审和反馈"
"【单选题】合规性测试的标准不包括( )。
(A)符合法律法规要求
(B)符合行业规范
(C)符合公司内部政策
(D)符合员工需求";"【PDF答案】D


【题目】
合规性测试的标准不包括( )。
(A)符合法律法规要求
(B)符合行业规范
(C)符合公司内部政策
(D)符合员工需求"
"【单选题】在实施性能优化策略时，应该遵循( )原则。
(A)先易后难
(B)先难后易
(C)一次性解决所有问题
(D)逐步进行优化";"【PDF答案】D


【题目】
在实施性能优化策略时，应该遵循( )原则。
(A)先易后难
(B)先难后易
(C)一次性解决所有问题
(D)逐步进行优化"
"【单选题】企业平衡经济效益和伦理考量的方法( )。
(A)以经济效益为主，伦理考量为辅
(B)以伦理考量为重，经济效益为辅
(C)寻找经济效益和伦理考量的最佳平衡点
(D)不需要平衡，直接追求经济效益最大化";"【PDF答案】C


【题目】
企业平衡经济效益和伦理考量的方法( )。
(A)以经济效益为主，伦理考量为辅
(B)以伦理考量为重，经济效益为辅
(C)寻找经济效益和伦理考量的最佳平衡点
(D)不需要平衡，直接追求经济效益最大化"
"【单选题】数据拆解的主要目的是( )。
人工智能训练师（三级）理论知识复习题
(A)增加数据的复杂性
(B)简化数据分析过程
(C)提高数据处理的效率
(D)使数据更难以理解";"【PDF答案】B


【题目】
数据拆解的主要目的是( )。
人工智能训练师（三级）理论知识复习题
(A)增加数据的复杂性
(B)简化数据分析过程
(C)提高数据处理的效率
(D)使数据更难以理解"
"【单选题】人工智能算法训练师在数据拆解模型的原理中，不正确的说法是( )。
(A)数据拆解可以提高模型训练的效率
(B)数据拆解无法帮助避免模型的过拟合问题
(C)数据拆解有助于更准确地评估模型性能
(D)数据拆解能够减少运行时间和计算量";"【PDF答案】B


【题目】
人工智能算法训练师在数据拆解模型的原理中，不正确的说法是( )。
(A)数据拆解可以提高模型训练的效率
(B)数据拆解无法帮助避免模型的过拟合问题
(C)数据拆解有助于更准确地评估模型性能
(D)数据拆解能够减少运行时间和计算量"
"【单选题】关于训练集、验证集和测试集的大小比例，( )属于常见合理的范围。
(A)训练集50%，验证集25%，测试集25%
(B)训练集20%，验证集60%，测试集20%
(C)训练集70%，验证集15%，测试集15%
(D)训练集40%，验证集30%，测试集30%";"【PDF答案】C


【题目】
关于训练集、验证集和测试集的大小比例，( )属于常见合理的范围。
(A)训练集50%，验证集25%，测试集25%
(B)训练集20%，验证集60%，测试集20%
(C)训练集70%，验证集15%，测试集15%
(D)训练集40%，验证集30%，测试集30%"
"【单选题】主成分分析PCA在数据拆解中主要用于( )。
(A)增加数据的维度，使模型更复杂
(B)降低数据维度，减少计算复杂度
(C)保持数据维度不变，仅优化数据分布
(D)随机改变数据维度，增加模型的随机性";"【PDF答案】B


【题目】
主成分分析PCA在数据拆解中主要用于( )。
(A)增加数据的维度，使模型更复杂
(B)降低数据维度，减少计算复杂度
(C)保持数据维度不变，仅优化数据分布
(D)随机改变数据维度，增加模型的随机性"
"【单选题】在使用基于统计的特征选择时，如果特征之间存在高度共线性，最有可能发生的
情况是( )。
(A)特征的重要性会被低估
(B)特征的重要性会被高估
(C)特征选择将无法进行
(D)特征之间的相关性将被忽略";"【PDF答案】A


【题目】
在使用基于统计的特征选择时，如果特征之间存在高度共线性，最有可能发生的
情况是( )。
(A)特征的重要性会被低估
(B)特征的重要性会被高估
(C)特征选择将无法进行
(D)特征之间的相关性将被忽略"
"【单选题】人工智能训练师进行基于模型的特征拆解及选择的初衷是( )。
(A)减少模型的复杂度
人工智能训练师（三级）理论知识复习题
(B)增加模型的运算速度
(C)提高模型的预测准确性
(D)降低数据存储需求";"【PDF答案】A


【题目】
人工智能训练师进行基于模型的特征拆解及选择的初衷是( )。
(A)减少模型的复杂度
人工智能训练师（三级）理论知识复习题
(B)增加模型的运算速度
(C)提高模型的预测准确性
(D)降低数据存储需求"
"【单选题】对于非平稳时间序列数据，通过减去先前观察值来消除趋势和季节性的过程叫做
( )。
(A)对数变换
(B)标准化
(C)差分
(D)归一化";"【PDF答案】C


【题目】
对于非平稳时间序列数据，通过减去先前观察值来消除趋势和季节性的过程叫做
( )。
(A)对数变换
(B)标准化
(C)差分
(D)归一化"
"【单选题】在文本数据拆解过程中，分词的主要目的是( )。
(A)将文本切分成单词或短语
(B)识别文本中的命名实体
(C)判断文本的情感倾向
(D)分析文本的语法结构";"【PDF答案】A


【题目】
在文本数据拆解过程中，分词的主要目的是( )。
(A)将文本切分成单词或短语
(B)识别文本中的命名实体
(C)判断文本的情感倾向
(D)分析文本的语法结构"
"【单选题】时间序列分析在天气预报中主要用于( )目的。
(A)预测未来天气变化
(B)分析历史气温趋势
(C)改善气象站设备
(D)教育公众关于气候变化";"【PDF答案】A


【题目】
时间序列分析在天气预报中主要用于( )目的。
(A)预测未来天气变化
(B)分析历史气温趋势
(C)改善气象站设备
(D)教育公众关于气候变化"
"【单选题】在网络分析中，( )描述了网络中节点之间的直接连接关系。
(A)聚类系数
(B)节点中心性
(C)邻居节点
(D)可达性";"【PDF答案】C


【题目】
在网络分析中，( )描述了网络中节点之间的直接连接关系。
(A)聚类系数
(B)节点中心性
(C)邻居节点
(D)可达性"
"【单选题】在社会网络分析中，中心性指标用于衡量节点在网络中的重要性。( )不是正确
的中心性指标。
(A)度中心性
人工智能训练师（三级）理论知识复习题
(B)介数中心性
(C)接近中心性
(D)平均路径长度中心性";"【PDF答案】D


【题目】
在社会网络分析中，中心性指标用于衡量节点在网络中的重要性。( )不是正确
的中心性指标。
(A)度中心性
人工智能训练师（三级）理论知识复习题
(B)介数中心性
(C)接近中心性
(D)平均路径长度中心性"
"【单选题】不属于多维度数据分解的主要目的是( )。
(A)简化数据结构
(B)提高数据处理效率
(C)增强数据的可解释性
(D)增加数据的复杂性";"【PDF答案】D


【题目】
不属于多维度数据分解的主要目的是( )。
(A)简化数据结构
(B)提高数据处理效率
(C)增强数据的可解释性
(D)增加数据的复杂性"
"【单选题】在图像处理中，多维度数据分解技术如PCA主要用于( )。
(A)提升图像亮度
(B)压缩图像数据
(C)增加图像分辨率
(D)改变图像色彩";"【PDF答案】B


【题目】
在图像处理中，多维度数据分解技术如PCA主要用于( )。
(A)提升图像亮度
(B)压缩图像数据
(C)增加图像分辨率
(D)改变图像色彩"
"【单选题】特征工程中的特征构造方法不包括( )。
(A)基于领域知识的特征构造
(B)基于统计量的特征构造
(C)基于模型的特征构造
(D)基于可视化分析的特征构造";"【PDF答案】D


【题目】
特征工程中的特征构造方法不包括( )。
(A)基于领域知识的特征构造
(B)基于统计量的特征构造
(C)基于模型的特征构造
(D)基于可视化分析的特征构造"
"【单选题】在自然语言处理中，( )方法可以用于文本预处理。
(A)使用神经网络进行文本分类
(B)对文本进行情感分析
(C)对文本进行分词和去停用词
(D)使用TF-IDF进行特征选择";"【PDF答案】C


【题目】
在自然语言处理中，( )方法可以用于文本预处理。
(A)使用神经网络进行文本分类
(B)对文本进行情感分析
(C)对文本进行分词和去停用词
(D)使用TF-IDF进行特征选择"
"【单选题】在优化AI模型的响应时间时，( )方法可以直接减少模型推理时间。
(A)增加模型的深度和宽度
(B)使用更复杂的激活函数
(C)在模型中添加更多的正则化项
人工智能训练师（三级）理论知识复习题
(D)通过剪枝减少模型的参数数量";"【PDF答案】D


【题目】
在优化AI模型的响应时间时，( )方法可以直接减少模型推理时间。
(A)增加模型的深度和宽度
(B)使用更复杂的激活函数
(C)在模型中添加更多的正则化项
人工智能训练师（三级）理论知识复习题
(D)通过剪枝减少模型的参数数量"
"【单选题】安全性分析的原理是通过对系统进行( )，以识别潜在的安全威胁和脆弱性，从
而采取相应的安全措施来降低风险。
(A)风险评估
(B)漏洞扫描
(C)入侵检测
(D)安全审计";"【PDF答案】A


【题目】
安全性分析的原理是通过对系统进行( )，以识别潜在的安全威胁和脆弱性，从
而采取相应的安全措施来降低风险。
(A)风险评估
(B)漏洞扫描
(C)入侵检测
(D)安全审计"
"【单选题】在资源分配中，( )策略可以根据用户的实际需求来分配资源。
(A)先到先得策略
(B)平均分配策略
(C)按需分配策略
(D)优先级分配策略";"【PDF答案】C


【题目】
在资源分配中，( )策略可以根据用户的实际需求来分配资源。
(A)先到先得策略
(B)平均分配策略
(C)按需分配策略
(D)优先级分配策略"
"【单选题】在进行特征选择时，( )方法是通过计算特征与目标变量之间的相关性来进行筛
选的。
(A)卡方检验
(B)主成分分析
(C)决策树
(D)线性回归";"【PDF答案】A


【题目】
在进行特征选择时，( )方法是通过计算特征与目标变量之间的相关性来进行筛
选的。
(A)卡方检验
(B)主成分分析
(C)决策树
(D)线性回归"
"【单选题】在数据分析的标准流程中，( )步骤是紧接着收集数据之后进行的。
(A)数据清洗
(B)数据可视化
(C)数据挖掘
(D)数据分析";"【PDF答案】A


【题目】
在数据分析的标准流程中，( )步骤是紧接着收集数据之后进行的。
(A)数据清洗
(B)数据可视化
(C)数据挖掘
(D)数据分析"
"【单选题】不是评估统计模型拟合优度的指标是( )。
(A)样本均值
(B)均方误差MSE
(C)平均绝对误差MAE
人工智能训练师（三级）理论知识复习题
(D)残差平方和RSS";"【PDF答案】A


【题目】
不是评估统计模型拟合优度的指标是( )。
(A)样本均值
(B)均方误差MSE
(C)平均绝对误差MAE
人工智能训练师（三级）理论知识复习题
(D)残差平方和RSS"
"【单选题】应用机器学习算法时，( )策略可能导致模型过拟合。
(A)减少正则化项的权重
(B)优化算法实现
(C)增加学习率
(D)采用随机梯度下降";"【PDF答案】A


【题目】
应用机器学习算法时，( )策略可能导致模型过拟合。
(A)减少正则化项的权重
(B)优化算法实现
(C)增加学习率
(D)采用随机梯度下降"
"【单选题】DBSCAN算法是一种基于密度的聚类方法，它能够发现任意形状的簇，并且对噪声
点具有较好的鲁棒性。DBSCAN算法中的两个重要参数是邻域半径ε和最小点数MinPts，
其中ε表示( )。
(A)邻域内的最大距离
(B)邻域内的最小距离
(C)邻域内的平均距离
(D)邻域内的最小点数";"【PDF答案】A


【题目】
DBSCAN算法是一种基于密度的聚类方法，它能够发现任意形状的簇，并且对噪声
点具有较好的鲁棒性。DBSCAN算法中的两个重要参数是邻域半径ε和最小点数MinPts，
其中ε表示( )。
(A)邻域内的最大距离
(B)邻域内的最小距离
(C)邻域内的平均距离
(D)邻域内的最小点数"
"【单选题】关联规则学习中的置信度是指( )。
(A)前件项目集出现的次数 / 后件项目集出现的次数
(B)前件项目集出现的次数 / 所有事务数
(C)前件项目集出现的次数 / 总项目数
(D)前件项目集出现的次数 / 事务的平均长度";"【PDF答案】A


【题目】
关联规则学习中的置信度是指( )。
(A)前件项目集出现的次数 / 后件项目集出现的次数
(B)前件项目集出现的次数 / 所有事务数
(C)前件项目集出现的次数 / 总项目数
(D)前件项目集出现的次数 / 事务的平均长度"
"【单选题】在回归分析中，我们通常使用( )方法来确定模型的参数。
(A)最大似然估计
(B)最小二乘法
(C)主成分分析
(D)聚类分析";"【PDF答案】B


【题目】
在回归分析中，我们通常使用( )方法来确定模型的参数。
(A)最大似然估计
(B)最小二乘法
(C)主成分分析
(D)聚类分析"
"【单选题】决策树分析是一种( )方法
(A)定性分析
(B)定量分析
(C)逻辑推理
人工智能训练师（三级）理论知识复习题
(D)模糊评价";"【PDF答案】B


【题目】
决策树分析是一种( )方法
(A)定性分析
(B)定量分析
(C)逻辑推理
人工智能训练师（三级）理论知识复习题
(D)模糊评价"
"【单选题】神经网络中的激活函数的作用是( )。
(A)增加网络的复杂性
(B)提高网络的泛化能力
(C)减少网络的训练时间
(D)增强网络的表达能力";"【PDF答案】D


【题目】
神经网络中的激活函数的作用是( )。
(A)增加网络的复杂性
(B)提高网络的泛化能力
(C)减少网络的训练时间
(D)增强网络的表达能力"
"【单选题】贝叶斯网络中的链式法则用于计算( )。
(A)在已知某些条件下，事件A发生的概率
(B)在已知某些条件下，事件B发生的概率
(C)在已知某些条件下，事件A和事件B同时发生的概率
(D)在已知某些条件下，事件A和事件B的联合概率";"【PDF答案】D


【题目】
贝叶斯网络中的链式法则用于计算( )。
(A)在已知某些条件下，事件A发生的概率
(B)在已知某些条件下，事件B发生的概率
(C)在已知某些条件下，事件A和事件B同时发生的概率
(D)在已知某些条件下，事件A和事件B的联合概率"
"【单选题】随机森林算法是一种集成学习方法，它通过( )方式来生成多个决策树。
(A)对每个数据进行随机抽样
(B)对每个样本进行随机抽样
(C)对每个决策树进行随机抽样
(D)对每个类别进行随机抽样";"【PDF答案】B


【题目】
随机森林算法是一种集成学习方法，它通过( )方式来生成多个决策树。
(A)对每个数据进行随机抽样
(B)对每个样本进行随机抽样
(C)对每个决策树进行随机抽样
(D)对每个类别进行随机抽样"
"【单选题】循环神经网络RNN的核心思想是( )。
(A)通过反向传播算法优化网络参数
(B)利用门控机制处理序列数据
(C)使用注意力机制捕捉长距离依赖关系
(D)采用自编码器进行特征提取";"【PDF答案】B


【题目】
循环神经网络RNN的核心思想是( )。
(A)通过反向传播算法优化网络参数
(B)利用门控机制处理序列数据
(C)使用注意力机制捕捉长距离依赖关系
(D)采用自编码器进行特征提取"
"【单选题】在强化学习中，( )是指智能体在执行某个动作后获得的反馈信号。
(A)奖励
(B)惩罚
(C)风险
(D)收益";"【PDF答案】A


【题目】
在强化学习中，( )是指智能体在执行某个动作后获得的反馈信号。
(A)奖励
(B)惩罚
(C)风险
(D)收益"
"【单选题】自然语言处理中的文本分类任务通常使用( )算法。
人工智能训练师（三级）理论知识复习题
(A)决策树
(B)支持向量机
(C)朴素贝叶斯
(D)神经网络";"【PDF答案】C


【题目】
自然语言处理中的文本分类任务通常使用( )算法。
人工智能训练师（三级）理论知识复习题
(A)决策树
(B)支持向量机
(C)朴素贝叶斯
(D)神经网络"
"【单选题】时间序列分析中，( )方法用于移除趋势和季节性效应。
(A)平稳性检验
(B)季节分解
(C)自相关函数
(D)累积和控制图";"【PDF答案】B


【题目】
时间序列分析中，( )方法用于移除趋势和季节性效应。
(A)平稳性检验
(B)季节分解
(C)自相关函数
(D)累积和控制图"
"【单选题】在进行维度约简时，通常使用( )方法来评估保留的特征的重要性。
(A)信息增益
(B)方差分析
(C)相关系数
(D)卡方检验";"【PDF答案】A


【题目】
在进行维度约简时，通常使用( )方法来评估保留的特征的重要性。
(A)信息增益
(B)方差分析
(C)相关系数
(D)卡方检验"
"【单选题】在异常值检测中，( )方法通常用于基于数据分布的异常值识别。
(A)离群值检测
(B)聚类分析
(C)相关性分析
(D)频繁模式挖掘";"【PDF答案】A


【题目】
在异常值检测中，( )方法通常用于基于数据分布的异常值识别。
(A)离群值检测
(B)聚类分析
(C)相关性分析
(D)频繁模式挖掘"
"【单选题】在数据融合过程中，人工智能训练师通常确保数据的一致性和可靠性的方法有
( )。
(A)只使用第一个数据源的数据
(B)忽略数据之间的冲突
(C)实施数据清洗和预处理步骤
(D)仅依赖自动化工具进行数据合并";"【PDF答案】C


【题目】
在数据融合过程中，人工智能训练师通常确保数据的一致性和可靠性的方法有
( )。
(A)只使用第一个数据源的数据
(B)忽略数据之间的冲突
(C)实施数据清洗和预处理步骤
(D)仅依赖自动化工具进行数据合并"
"【单选题】智能解决方案设计的核心目标是( )。
(A)完全替代人工
人工智能训练师（三级）理论知识复习题
(B)优化现有业务流程
(C)解决复杂问题并创造新价值
(D)减少企业运营成本";"【PDF答案】C


【题目】
智能解决方案设计的核心目标是( )。
(A)完全替代人工
人工智能训练师（三级）理论知识复习题
(B)优化现有业务流程
(C)解决复杂问题并创造新价值
(D)减少企业运营成本"
"【单选题】在用户需求分析中，( )确保数据的准确性。
(A)通过问卷调查收集数据
(B)通过访谈收集数据
(C)通过观察法收集数据
(D)通过数据分析工具验证数据";"【PDF答案】D


【题目】
在用户需求分析中，( )确保数据的准确性。
(A)通过问卷调查收集数据
(B)通过访谈收集数据
(C)通过观察法收集数据
(D)通过数据分析工具验证数据"
"【单选题】产品功能规划应该具备( )性质。
(A)尽可能涵盖所有可能的功能
(B)简单明了，聚焦核心需求
(C)具有高度复杂性和灵活性
(D)与市场趋势和潮流保持一致";"【PDF答案】B


【题目】
产品功能规划应该具备( )性质。
(A)尽可能涵盖所有可能的功能
(B)简单明了，聚焦核心需求
(C)具有高度复杂性和灵活性
(D)与市场趋势和潮流保持一致"
"【单选题】( )原则最符合人工智能技术选型时对数据层的关注。
(A)优先选择最流行的技术框架
(B)确保数据采集的全面性和实时性
(C)技术选型应完全由技术团队决定
(D)追求最复杂的算法以获得最佳性能";"【PDF答案】B


【题目】
( )原则最符合人工智能技术选型时对数据层的关注。
(A)优先选择最流行的技术框架
(B)确保数据采集的全面性和实时性
(C)技术选型应完全由技术团队决定
(D)追求最复杂的算法以获得最佳性能"
"【单选题】在模型训练完成后，通常使用( )来选择最佳的模型参数。
(A)网格搜索
(B)随机搜索
(C)贝叶斯优化
(D)线性回归";"【PDF答案】A


【题目】
在模型训练完成后，通常使用( )来选择最佳的模型参数。
(A)网格搜索
(B)随机搜索
(C)贝叶斯优化
(D)线性回归"
"【单选题】在系统集成设计中，( )确保系统的可扩展性。
(A)采用开放式架构
(B)使用非标准化的接口和协议
(C)预留足够的硬件资源
人工智能训练师（三级）理论知识复习题
(D)定期进行系统维护";"【PDF答案】A


【题目】
在系统集成设计中，( )确保系统的可扩展性。
(A)采用开放式架构
(B)使用非标准化的接口和协议
(C)预留足够的硬件资源
人工智能训练师（三级）理论知识复习题
(D)定期进行系统维护"
"【单选题】用户界面设计UI中的反馈机制是指当用户与界面进行交互时，系统应该提供( )
以确认操作是否成功。
(A)声音
(B)振动
(C)文字提示
(D)动画效果";"【PDF答案】C


【题目】
用户界面设计UI中的反馈机制是指当用户与界面进行交互时，系统应该提供( )
以确认操作是否成功。
(A)声音
(B)振动
(C)文字提示
(D)动画效果"
"【单选题】在用户体验设计中，( )原则强调产品应满足用户需求并有效解决他们的问题。
(A)可用性
(B)实用性
(C)可取性
(D)可信度";"【PDF答案】B


【题目】
在用户体验设计中，( )原则强调产品应满足用户需求并有效解决他们的问题。
(A)可用性
(B)实用性
(C)可取性
(D)可信度"
"【单选题】人工智能训练师通过( )数据策略实现产品差异化。
(A)使用公开可用的通用数据集
(B)采集和利用独特且高质量的行业数据
(C)降低数据清洗和预处理的标准
(D)避免使用实时数据以简化模型训练";"【PDF答案】B


【题目】
人工智能训练师通过( )数据策略实现产品差异化。
(A)使用公开可用的通用数据集
(B)采集和利用独特且高质量的行业数据
(C)降低数据清洗和预处理的标准
(D)避免使用实时数据以简化模型训练"
"【单选题】在设计一个安全系统时，( )措施可以提高系统的安全性。
(A)增加系统的复杂度
(B)定期进行系统漏洞扫描
(C)使用弱密码策略
(D)减少系统的用户数量";"【PDF答案】B


【题目】
在设计一个安全系统时，( )措施可以提高系统的安全性。
(A)增加系统的复杂度
(B)定期进行系统漏洞扫描
(C)使用弱密码策略
(D)减少系统的用户数量"
"【单选题】为了实现跨云服务的集成，通常需要使用( )技术。
(A)API
(B)SDK
(C)Web服务
(D)虚拟化
人工智能训练师（三级）理论知识复习题";"【PDF答案】A


【题目】
为了实现跨云服务的集成，通常需要使用( )技术。
(A)API
(B)SDK
(C)Web服务
(D)虚拟化
人工智能训练师（三级）理论知识复习题"
"【单选题】在分布式系统中，( )实现负载均衡以提高系统的性能。
(A)轮询算法
(B)最少连接数算法
(C)源地址哈希算法
(D)随机算法";"【PDF答案】B


【题目】
在分布式系统中，( )实现负载均衡以提高系统的性能。
(A)轮询算法
(B)最少连接数算法
(C)源地址哈希算法
(D)随机算法"
"【单选题】可扩展性设计的主要目标是( )。
(A)降低系统成本
(B)提高系统在负载增加时的性能
(C)简化系统架构
(D)减少系统维护难度";"【PDF答案】B


【题目】
可扩展性设计的主要目标是( )。
(A)降低系统成本
(B)提高系统在负载增加时的性能
(C)简化系统架构
(D)减少系统维护难度"
"【单选题】代码审计与优化对于软件开发过程的重要性不包括( )。
(A)提高代码可读性，便于团队协作
(B)彻底消除所有软件缺陷
(C)发现并修复潜在的安全漏洞
(D)优化代码性能，提升系统响应速度";"【PDF答案】B


【题目】
代码审计与优化对于软件开发过程的重要性不包括( )。
(A)提高代码可读性，便于团队协作
(B)彻底消除所有软件缺陷
(C)发现并修复潜在的安全漏洞
(D)优化代码性能，提升系统响应速度"
"【单选题】根据数据保护与隐私的法规要求，企业在发生数据泄露事件时必须立即采取( )
措施。
(A)通知受影响的用户，报告给相关监管机构
(B)不通知受影响的用户，自行处理
(C)进行内部调查
(D)加强数据安全措施";"【PDF答案】A


【题目】
根据数据保护与隐私的法规要求，企业在发生数据泄露事件时必须立即采取( )
措施。
(A)通知受影响的用户，报告给相关监管机构
(B)不通知受影响的用户，自行处理
(C)进行内部调查
(D)加强数据安全措施"
"【单选题】网络拓扑结构对故障恢复策略性设计的影响主要体现在( )方面。
(A)数据传输速度
(B)系统容错能力
(C)资源利用率
(D)系统安全性";"【PDF答案】B


【题目】
网络拓扑结构对故障恢复策略性设计的影响主要体现在( )方面。
(A)数据传输速度
(B)系统容错能力
(C)资源利用率
(D)系统安全性"
"【单选题】在产品维护与升级的制定过程中，( )步骤是确保产品质量的重要措施。
人工智能训练师（三级）理论知识复习题
(A)制定详细的维护计划
(B)定期进行产品审查
(C)收集用户反馈
(D)实施严格的版本控制";"【PDF答案】A


【题目】
在产品维护与升级的制定过程中，( )步骤是确保产品质量的重要措施。
人工智能训练师（三级）理论知识复习题
(A)制定详细的维护计划
(B)定期进行产品审查
(C)收集用户反馈
(D)实施严格的版本控制"
"【单选题】在AI产品的迭代过程中，用户反馈的主要作用是( )。
(A)确定产品功能方向
(B)评估市场营销策略
(C)优化产品性能和用户体验
(D)预测未来市场趋势";"【PDF答案】C


【题目】
在AI产品的迭代过程中，用户反馈的主要作用是( )。
(A)确定产品功能方向
(B)评估市场营销策略
(C)优化产品性能和用户体验
(D)预测未来市场趋势"
"【单选题】人工智能训练师在提升AI模型性能时，与人机交互的( )方面关系最为紧密。
(A)算法设计
(B)数据标注
(C)硬件设备选择
(D)用户体验优化";"【PDF答案】D


【题目】
人工智能训练师在提升AI模型性能时，与人机交互的( )方面关系最为紧密。
(A)算法设计
(B)数据标注
(C)硬件设备选择
(D)用户体验优化"
"【单选题】在人机交互系统中，( )负责将计算机处理后的结果呈现给用户。
(A)处理器
(B)内存
(C)硬盘
(D)显示器";"【PDF答案】D


【题目】
在人机交互系统中，( )负责将计算机处理后的结果呈现给用户。
(A)处理器
(B)内存
(C)硬盘
(D)显示器"
"【单选题】人机交互中的控制器负责( )功能。
(A)接收用户输入并转换为机器可识别的信号
(B)处理来自输入设备的信号并将其转换为输出设备可显示的信息
(C)控制计算机系统的硬件和软件资源
(D)管理计算机系统的电源和散热系统";"【PDF答案】A


【题目】
人机交互中的控制器负责( )功能。
(A)接收用户输入并转换为机器可识别的信号
(B)处理来自输入设备的信号并将其转换为输出设备可显示的信息
(C)控制计算机系统的硬件和软件资源
(D)管理计算机系统的电源和散热系统"
"【单选题】在设计人机交互界面时，( )是非常重要的，因为它可以帮助用户快速理解如何
使用产品。
(A)直观性
人工智能训练师（三级）理论知识复习题
(B)一致性
(C)反馈
(D)效率";"【PDF答案】A


【题目】
在设计人机交互界面时，( )是非常重要的，因为它可以帮助用户快速理解如何
使用产品。
(A)直观性
人工智能训练师（三级）理论知识复习题
(B)一致性
(C)反馈
(D)效率"
"【单选题】在设计输出设备时，应该确保其( )。
(A)显示效果清晰
(B)响应速度快
(C)数据安全性高
(D)兼容多种格式";"【PDF答案】A


【题目】
在设计输出设备时，应该确保其( )。
(A)显示效果清晰
(B)响应速度快
(C)数据安全性高
(D)兼容多种格式"
"【单选题】在项目管理中，( )是确保项目顺利进行的关键环节之一。
(A)规划
(B)执行
(C)监控
(D)反馈";"【PDF答案】C


【题目】
在项目管理中，( )是确保项目顺利进行的关键环节之一。
(A)规划
(B)执行
(C)监控
(D)反馈"
"【单选题】在产品设计中，为了确保可访问性，( )原则是必须遵循的。
(A)简洁明了的设计
(B)一致性和标准化
(C)易于理解和操作
(D)美观和视觉吸引力";"【PDF答案】C


【题目】
在产品设计中，为了确保可访问性，( )原则是必须遵循的。
(A)简洁明了的设计
(B)一致性和标准化
(C)易于理解和操作
(D)美观和视觉吸引力"
"【单选题】( )触控技术可以实现多点触控，提高用户体验。
(A)电容式
(B)电阻式
(C)红外线
(D)超声波";"【PDF答案】A


【题目】
( )触控技术可以实现多点触控，提高用户体验。
(A)电容式
(B)电阻式
(C)红外线
(D)超声波"
"【单选题】( )是语音交互设计中，人工智能训练师需要特别关注的事项。
(A)系统响应速度
(B)语音识别准确率
(C)用户体验调查问卷的满意度评分
人工智能训练师（三级）理论知识复习题
(D)用户对话内容的情感倾向";"【PDF答案】B


【题目】
( )是语音交互设计中，人工智能训练师需要特别关注的事项。
(A)系统响应速度
(B)语音识别准确率
(C)用户体验调查问卷的满意度评分
人工智能训练师（三级）理论知识复习题
(D)用户对话内容的情感倾向"
"【单选题】最能体现AR技术的实时交互特性的功能是( )。
(A)存储大量数据的能力
(B)实时提供反馈和指导
(C)高精度的数据分析
(D)长期跟踪学习进展";"【PDF答案】B


【题目】
最能体现AR技术的实时交互特性的功能是( )。
(A)存储大量数据的能力
(B)实时提供反馈和指导
(C)高精度的数据分析
(D)长期跟踪学习进展"
"【单选题】虚拟现实VR交互设计中，为了提高用户的操作效率，应该采用( )输入设备。
(A)游戏手柄
(B)运动控制器
(C)头戴式显示器
(D)触觉反馈手套";"【PDF答案】B


【题目】
虚拟现实VR交互设计中，为了提高用户的操作效率，应该采用( )输入设备。
(A)游戏手柄
(B)运动控制器
(C)头戴式显示器
(D)触觉反馈手套"
"【单选题】在设计多模态交互系统时，需要考虑用户的上下文环境的原因是( )。
(A)因为上下文环境对系统性能没有影响
(B)为了适应不同的环境噪声水平，优化语音识别
(C)为了确保在任何环境下，交互模式都能有效、安全地工作
(D)上下文环境只影响视觉模式的交互";"【PDF答案】C


【题目】
在设计多模态交互系统时，需要考虑用户的上下文环境的原因是( )。
(A)因为上下文环境对系统性能没有影响
(B)为了适应不同的环境噪声水平，优化语音识别
(C)为了确保在任何环境下，交互模式都能有效、安全地工作
(D)上下文环境只影响视觉模式的交互"
"【单选题】在人工智能训练过程中，人工智能训练师( )有效利用用户研究的方法来提升模
型性能。
(A)仅依赖个人经验进行模型调优
(B)忽视用户反馈，仅关注技术指标的优化
(C)深入分析用户数据，结合用户研究方法论来指导模型训练
(D)随意选择用户研究工具，不进行系统分析";"【PDF答案】C


【题目】
在人工智能训练过程中，人工智能训练师( )有效利用用户研究的方法来提升模
型性能。
(A)仅依赖个人经验进行模型调优
(B)忽视用户反馈，仅关注技术指标的优化
(C)深入分析用户数据，结合用户研究方法论来指导模型训练
(D)随意选择用户研究工具，不进行系统分析"
"【单选题】( )是原型设计与测试过程中，人工智能训练师用于指导模型调整的关键信息来
源。
(A)模型的内部代码结构
(B)用户反馈的定性与定量数据
(C)硬件设备的性能指标
人工智能训练师（三级）理论知识复习题
(D)训练数据集的规模";"【PDF答案】B


【题目】
( )是原型设计与测试过程中，人工智能训练师用于指导模型调整的关键信息来
源。
(A)模型的内部代码结构
(B)用户反馈的定性与定量数据
(C)硬件设备的性能指标
人工智能训练师（三级）理论知识复习题
(D)训练数据集的规模"
"【单选题】在用户测试与评估的过程中，( )阶段是用来确定测试目标和范围。
(A)需求分析
(B)设计测试用例
(C)执行测试
(D)结果分析与改进";"【PDF答案】A


【题目】
在用户测试与评估的过程中，( )阶段是用来确定测试目标和范围。
(A)需求分析
(B)设计测试用例
(C)执行测试
(D)结果分析与改进"
"【单选题】情感设计的核心目标是提高用户的( )满意度。
(A)功能满意度
(B)价格满意度
(C)情感满意度
(D)品牌满意度";"【PDF答案】C


【题目】
情感设计的核心目标是提高用户的( )满意度。
(A)功能满意度
(B)价格满意度
(C)情感满意度
(D)品牌满意度"
"【单选题】在设计智能语音助手时，( )助于提高用户满意度。
(A)增加更多的语音指令
(B)减少语音识别的错误率
(C)使用更复杂的算法来处理用户输入
(D)限制助手的功能范围以简化使用";"【PDF答案】B


【题目】
在设计智能语音助手时，( )助于提高用户满意度。
(A)增加更多的语音指令
(B)减少语音识别的错误率
(C)使用更复杂的算法来处理用户输入
(D)限制助手的功能范围以简化使用"
"【单选题】( )不是人机交互系统的常见性能评价指标。
(A)响应时间
(B)用户满意度
(C)输入设备的价格
(D)系统稳定性";"【PDF答案】C


【题目】
( )不是人机交互系统的常见性能评价指标。
(A)响应时间
(B)用户满意度
(C)输入设备的价格
(D)系统稳定性"
"【单选题】在设计用户中心时，应该遵循( )原则来提高用户体验。
(A)保持一致性
(B)减少操作步骤
(C)使用复杂的界面设计
(D)提供个性化推荐";"【PDF答案】A


【题目】
在设计用户中心时，应该遵循( )原则来提高用户体验。
(A)保持一致性
(B)减少操作步骤
(C)使用复杂的界面设计
(D)提供个性化推荐"
"【单选题】设计的可用性标准不包括( )。
人工智能训练师（三级）理论知识复习题
(A)易用性
(B)高效性
(C)错误率
(D)多样性";"【PDF答案】D


【题目】
设计的可用性标准不包括( )。
人工智能训练师（三级）理论知识复习题
(A)易用性
(B)高效性
(C)错误率
(D)多样性"
"【单选题】在常见的交互设计模板中，( )是专门为提高网站可用性和导航效率设计的。
(A)登录界面模板
(B)用户信息编辑模板
(C)网站导航栏模板
(D)商品详情页面模板";"【PDF答案】C


【题目】
在常见的交互设计模板中，( )是专门为提高网站可用性和导航效率设计的。
(A)登录界面模板
(B)用户信息编辑模板
(C)网站导航栏模板
(D)商品详情页面模板"
"【单选题】设计过程中收集用户反馈的方法不包括( )。
(A)用户访谈
(B)问卷调查
(C)A/B测试
(D)代码审查";"【PDF答案】D


【题目】
设计过程中收集用户反馈的方法不包括( )。
(A)用户访谈
(B)问卷调查
(C)A/B测试
(D)代码审查"
"【单选题】任务分解后，每个( )都应该有明确的负责人。
(A)子任务
(B)总任务
(C)关键环节
(D)关键节点";"【PDF答案】A


【题目】
任务分解后，每个( )都应该有明确的负责人。
(A)子任务
(B)总任务
(C)关键环节
(D)关键节点"
"【单选题】流式布局适用于( )场景。
(A)内容较多的页面
(B)需要保持元素之间相对位置的页面
(C)需要适应不同屏幕尺寸的页面
(D)需要展示大量图片的页面";"【PDF答案】C


【题目】
流式布局适用于( )场景。
(A)内容较多的页面
(B)需要保持元素之间相对位置的页面
(C)需要适应不同屏幕尺寸的页面
(D)需要展示大量图片的页面"
"【单选题】为了提高用户体验，开发者应该关注( )。
(A)应用的界面设计
(B)应用的性能优化
人工智能训练师（三级）理论知识复习题
(C)用户的使用情境分析
(D)应用的推广策略";"【PDF答案】C


【题目】
为了提高用户体验，开发者应该关注( )。
(A)应用的界面设计
(B)应用的性能优化
人工智能训练师（三级）理论知识复习题
(C)用户的使用情境分析
(D)应用的推广策略"
"【单选题】AdobeXD的快速原型制作主要用于( )。
(A)制作高保真原型
(B)制作低保真原型
(C)进行用户调查
(D)进行市场调研";"【PDF答案】B


【题目】
AdobeXD的快速原型制作主要用于( )。
(A)制作高保真原型
(B)制作低保真原型
(C)进行用户调查
(D)进行市场调研"
"【单选题】AdobeXD的视觉设计工具用于( )。
(A)制作用户旅程地图
(B)进行用户访谈
(C)设计界面UI
(D)进行原型测试";"【PDF答案】C


【题目】
AdobeXD的视觉设计工具用于( )。
(A)制作用户旅程地图
(B)进行用户访谈
(C)设计界面UI
(D)进行原型测试"
"【单选题】AxureRP的条件逻辑设置用于( )。
(A)设计界面UI
(B)制作用户旅程地图
(C)实现交互逻辑
(D)进行用户调查";"【PDF答案】C


【题目】
AxureRP的条件逻辑设置用于( )。
(A)设计界面UI
(B)制作用户旅程地图
(C)实现交互逻辑
(D)进行用户调查"
"【单选题】AxureRP的复杂交互模拟用于( )。
(A)制作高保真原型
(B)进行用户访谈
(C)设计信息架构
(D)进行市场调研";"【PDF答案】A


【题目】
AxureRP的复杂交互模拟用于( )。
(A)制作高保真原型
(B)进行用户访谈
(C)设计信息架构
(D)进行市场调研"
"【单选题】BalsamiqMockups的低保真设计用于( )。
(A)制作高保真原型
(B)制作低保真原型
(C)进行用户访谈
(D)设计信息架构
人工智能训练师（三级）理论知识复习题";"【PDF答案】B


【题目】
BalsamiqMockups的低保真设计用于( )。
(A)制作高保真原型
(B)制作低保真原型
(C)进行用户访谈
(D)设计信息架构
人工智能训练师（三级）理论知识复习题"
"【单选题】Figma的设计系统支持用于( )。
(A)制作用户旅程地图
(B)设计界面UI
(C)进行用户访谈
(D)制作高保真原型";"【PDF答案】B


【题目】
Figma的设计系统支持用于( )。
(A)制作用户旅程地图
(B)设计界面UI
(C)进行用户访谈
(D)制作高保真原型"
"【单选题】Marvel的简单交互设计用于( )。
(A)制作高保真原型
(B)制作低保真原型
(C)设计界面UI
(D)进行用户访谈";"【PDF答案】B


【题目】
Marvel的简单交互设计用于( )。
(A)制作高保真原型
(B)制作低保真原型
(C)设计界面UI
(D)进行用户访谈"
"【单选题】Marvel的设计评审功能用于( )。
(A)进行用户访谈
(B)设计界面UI
(C)进行原型测试
(D)制作用户旅程地图";"【PDF答案】C


【题目】
Marvel的设计评审功能用于( )。
(A)进行用户访谈
(B)设计界面UI
(C)进行原型测试
(D)制作用户旅程地图"
"【单选题】Marvel的响应式设计预览用于( )。
(A)设计界面UI
(B)制作用户旅程地图
(C)进行用户访谈
(D)制作低保真原型";"【PDF答案】A


【题目】
Marvel的响应式设计预览用于( )。
(A)设计界面UI
(B)制作用户旅程地图
(C)进行用户访谈
(D)制作低保真原型"
"【单选题】在Sketch的插件生态系统中，( )插件可以帮助设计师快速创建和管理调色板，
保持设计色彩一致性。
(A)SketchMeasure
(B)ArtboardSnapping
(C)ColorPalettes
(D)AutoLayout";"【PDF答案】C


【题目】
在Sketch的插件生态系统中，( )插件可以帮助设计师快速创建和管理调色板，
保持设计色彩一致性。
(A)SketchMeasure
(B)ArtboardSnapping
(C)ColorPalettes
(D)AutoLayout"
"【单选题】Sketch的矢量图形编辑用于( )。
人工智能训练师（三级）理论知识复习题
(A)设计界面UI
(B)进行用户访谈
(C)制作高保真原型
(D)进行原型测试";"【PDF答案】A


【题目】
Sketch的矢量图形编辑用于( )。
人工智能训练师（三级）理论知识复习题
(A)设计界面UI
(B)进行用户访谈
(C)制作高保真原型
(D)进行原型测试"
"【单选题】为了使培训讲义更具吸引力，编写时应注重( )的选取和使用。
(A)案例
(B)理论
(C)数据
(D)图表";"【PDF答案】A


【题目】
为了使培训讲义更具吸引力，编写时应注重( )的选取和使用。
(A)案例
(B)理论
(C)数据
(D)图表"
"【单选题】为了使培训讲义更具吸引力，可以采用( )的排版方式。
(A)单一字体
(B)多种字体
(C)大量图片
(D)简单图表";"【PDF答案】B


【题目】
为了使培训讲义更具吸引力，可以采用( )的排版方式。
(A)单一字体
(B)多种字体
(C)大量图片
(D)简单图表"
"【单选题】在编写培训讲义的过程中，( )是至关重要的环节。
(A)收集资料
(B)设计课程大纲
(C)制作课件
(D)进行试讲";"【PDF答案】B


【题目】
在编写培训讲义的过程中，( )是至关重要的环节。
(A)收集资料
(B)设计课程大纲
(C)制作课件
(D)进行试讲"
"【单选题】( )是通过让员工参与实际工作任务来提高他们的技能和知识的方法。
(A)角色扮演法
(B)案例分析法
(C)工作轮换法
(D)模拟训练法";"【PDF答案】C


【题目】
( )是通过让员工参与实际工作任务来提高他们的技能和知识的方法。
(A)角色扮演法
(B)案例分析法
(C)工作轮换法
(D)模拟训练法"
"【单选题】研讨会法的主要优点是( )。
(A)能够让员工积极参与讨论
(B)能够培养员工的创新能力
人工智能训练师（三级）理论知识复习题
(C)能够提供即时的反馈
(D)能够培养员工的团队合作精神";"【PDF答案】C


【题目】
研讨会法的主要优点是( )。
(A)能够让员工积极参与讨论
(B)能够培养员工的创新能力
人工智能训练师（三级）理论知识复习题
(C)能够提供即时的反馈
(D)能够培养员工的团队合作精神"
"【单选题】案例分析法( )。
(A)需要大量时间准备案例
(B)适用于所有学科
(C)可以提高学生的实践能力
(D)无法培养学生的理论素养";"【PDF答案】A


【题目】
案例分析法( )。
(A)需要大量时间准备案例
(B)适用于所有学科
(C)可以提高学生的实践能力
(D)无法培养学生的理论素养"
"【单选题】企业常用的培训方法包括讲授法、讨论法、( )和案例分析法。
(A)角色扮演法
(B)游戏法
(C)实地考察法
(D)实践法";"【PDF答案】A


【题目】
企业常用的培训方法包括讲授法、讨论法、( )和案例分析法。
(A)角色扮演法
(B)游戏法
(C)实地考察法
(D)实践法"
"【单选题】在进行数据处理时，( )步骤应该首先进行。
(A)数据转换
(B)数据抽取
(C)数据加载
(D)数据探索";"【PDF答案】B


【题目】
在进行数据处理时，( )步骤应该首先进行。
(A)数据转换
(B)数据抽取
(C)数据加载
(D)数据探索"
"【单选题】在数据处理过程中，( )步骤不会导致数据丢失或错误。
(A)数据清洗
(B)数据转换
(C)数据加载
(D)数据计算";"【PDF答案】D


【题目】
在数据处理过程中，( )步骤不会导致数据丢失或错误。
(A)数据清洗
(B)数据转换
(C)数据加载
(D)数据计算"
"【单选题】在数据处理阶段，( )的方法可以帮助提高数据处理效率。
(A)使用更强大的硬件设备
(B)优化数据处理算法
(C)增加数据处理人员
(D)采用集中式计算
人工智能训练师（三级）理论知识复习题";"【PDF答案】B


【题目】
在数据处理阶段，( )的方法可以帮助提高数据处理效率。
(A)使用更强大的硬件设备
(B)优化数据处理算法
(C)增加数据处理人员
(D)采用集中式计算
人工智能训练师（三级）理论知识复习题"
"【单选题】当面临数据标注不一致的问题时，应该采取的措施是( )。
(A)忽略不一致的数据
(B)随意修改数据标签
(C)重新审核和校正数据
(D)删除所有不一致的数据";"【PDF答案】C


【题目】
当面临数据标注不一致的问题时，应该采取的措施是( )。
(A)忽略不一致的数据
(B)随意修改数据标签
(C)重新审核和校正数据
(D)删除所有不一致的数据"
"【单选题】在人工智能训练过程中，数据标注的重要性主要体现在( )。
(A)提高计算速度
(B)增强算法的鲁棒性
(C)确保数据质量
(D)降低存储需求";"【PDF答案】C


【题目】
在人工智能训练过程中，数据标注的重要性主要体现在( )。
(A)提高计算速度
(B)增强算法的鲁棒性
(C)确保数据质量
(D)降低存储需求"
"【单选题】当面临大量复杂的数据需要标注时，( )助于提高标注效率。
(A)增加标注人员数量
(B)减少标注任务量
(C)采用半自动标注工具
(D)忽略部分复杂数据";"【PDF答案】C


【题目】
当面临大量复杂的数据需要标注时，( )助于提高标注效率。
(A)增加标注人员数量
(B)减少标注任务量
(C)采用半自动标注工具
(D)忽略部分复杂数据"
"【单选题】数据标注项目中，( )最可能导致标注结果的不一致性。
(A)使用了最新的标注工具
(B)标注人员对标注标准理解不同
(C)数据集划分过于均匀
(D)标注成本低于预算";"【PDF答案】B


【题目】
数据标注项目中，( )最可能导致标注结果的不一致性。
(A)使用了最新的标注工具
(B)标注人员对标注标准理解不同
(C)数据集划分过于均匀
(D)标注成本低于预算"
